"Result Id","Event","Person","Minutes","Comments"
1,17,1000,22,"OK"
2,5,1000,19,"OK"
3,2,1001,50,"OK"
4,16,1002,49,"OK"
5,23,1003,100,"OK"
6,24,1004,80,"OK"
7,15,1005,51,"OK"
8,8,1005,109,"OK"
9,20,1006,106,"OK"
10,1,1006,22,"OK"
11,14,1006,23,"OK"
12,7,1006,88,"OK"
13,6,1007,36,"OK"
14,14,1008,21,"OK"
15,17,1009,11,"OK"
16,4,1010,145,"OK"
17,9,1011,30,"OK"
18,23,1011,55,"OK"
19,20,1011,45,"OK"
20,24,1012,157,"OK"
21,16,1013,39,"OK"
22,8,1014,77,"OK"
23,24,1015,60,"OK"
24,15,1016,59,"OK"
25,9,1016,27,"OK"
26,23,1017,55,"OK"
27,7,1018,104,"OK"
28,10,1019,46,"OK"
29,16,1019,111,"OK"
30,6,1020,61,"OK"
31,5,1021,15,"OK"
32,4,1022,222,"OK"
33,8,1022,101,"OK"
34,8,1023,83,"OK"
35,14,1024,45,"OK"
36,21,1025,17,"OK"
37,9,1025,27,"OK"
38,5,1025,35,"OK"
39,18,1026,24,"OK"
40,10,1026,20,"OK"
41,18,1027,28,"OK"
42,2,1027,47,"OK"
43,24,1028,107,"OK"
44,3,1029,146,"OK"
45,2,1030,41,"OK"
46,4,1031,235,"OK"
47,3,1032,88,"OK"
48,8,1033,53,"OK"
49,18,1034,25,"OK"
50,3,1035,104,"OK"
51,19,1035,43,"OK"
52,11,1035,85,"OK"
53,18,1036,28,"OK"
54,10,1037,49,"OK"
55,6,1038,72,"OK"
56,24,1038,142,"OK"
57,2,1038,78,"OK"
58,19,1039,79,"OK"
59,13,1039,30,"OK"
60,15,1039,83,"OK"
61,15,1040,50,"OK"
62,23,1041,60,"OK"
63,7,1042,60,"OK"
64,17,1042,19,"OK"
65,12,1042,89,"OK"
66,17,1042,24,"OK"
67,5,1043,16,"OK"
68,20,1044,102,"OK"
69,6,1045,41,"OK"
70,21,1046,35,"OK"
71,7,1047,76,"OK"
72,4,1048,296,"OK"
73,4,1049,123,"OK"
74,15,1049,50,"OK"
75,23,1049,82,"OK"
76,17,1050,28,"OK"
77,23,1050,114,"OK"
78,17,1050,10,"OK"
79,19,1051,64,"OK"
80,13,1052,27,"OK"
81,24,1052,104,"OK"
82,1,1052,20,"OK"
83,9,1053,36,"OK"
84,20,1054,54,"OK"
85,6,1055,56,"OK"
86,2,1056,56,"OK"
87,4,1057,296,"OK"
88,6,1057,46,"OK"
89,18,1057,46,"OK"
90,2,1058,79,"OK"
91,14,1058,57,"OK"
92,23,1059,60,"OK"
93,2,1059,76,"OK"
94,23,1060,80,"OK"
95,2,1060,39,"OK"
96,20,1061,76,"OK"
97,9,1062,23,"OK"
98,13,1062,30,"OK"
99,10,1063,29,"OK"
100,11,1064,57,"OK"
101,18,1065,35,"OK"
102,23,1066,111,"OK"
103,19,1067,75,"OK"
104,11,1068,51,"OK"
105,8,1068,68,"OK"
106,24,1068,88,"OK"
107,13,1069,14,"OK"
108,11,1070,96,"OK"
109,4,1071,244,"OK"
110,14,1071,57,"OK"
111,12,1071,107,"OK"
112,7,1072,67,"OK"
113,2,1073,80,"OK"
114,12,1073,138,"OK"
115,15,1074,86,"OK"
116,1,1074,39,"OK"
117,15,1075,27,"OK"
118,5,1076,26,"OK"
119,16,1077,100,"OK"
120,5,1078,25,"OK"
121,8,1079,149,"OK"
122,22,1080,54,"OK"
123,21,1081,31,"OK"
124,3,1081,147,"OK"
125,19,1082,37,"OK"
126,8,1082,57,"OK"
127,24,1082,134,"OK"
128,10,1083,38,"OK"
129,21,1084,25,"OK"
130,14,1084,59,"OK"
131,19,1085,71,"OK"
132,6,1086,59,"OK"
133,5,1086,17,"OK"
134,10,1087,29,"OK"
135,24,1087,89,"OK"
136,6,1088,62,"OK"
137,19,1089,39,"OK"
138,15,1090,83,"OK"
139,15,1091,57,"OK"
140,4,1092,224,"OK"
141,24,1093,135,"OK"
142,15,1093,33,"OK"
143,22,1094,79,"OK"
144,22,1095,57,"OK"
145,6,1095,51,"OK"
146,2,1095,79,"OK"
147,12,1095,123,"OK"
148,11,1096,58,"OK"
149,24,1096,143,"OK"
150,19,1096,69,"OK"
151,10,1097,21,"OK"
152,5,1097,21,"OK"
153,13,1097,9,"OK"
154,24,1097,77,"OK"
155,16,1098,37,"OK"
156,7,1098,90,"OK"
157,17,1099,11,"OK"
158,24,1100,96,"OK"
159,11,1100,94,"OK"
160,8,1100,53,"OK"
161,5,1101,22,"OK"
162,16,1101,54,"OK"
163,2,1101,32,"OK"
164,10,1102,54,"OK"
165,24,1102,51,"OK"
166,15,1102,70,"OK"
167,20,1102,90,"OK"
168,7,1102,43,"OK"
169,3,1102,182,"OK"
170,9,1103,34,"OK"
171,19,1103,51,"OK"
172,3,1104,180,"OK"
173,15,1105,85,"OK"
174,21,1106,29,"OK"
175,6,1107,64,"OK"
176,21,1108,34,"OK"
177,17,1109,26,"OK"
178,2,1110,34,"OK"
179,23,1110,71,"OK"
180,24,1111,70,"OK"
181,11,1111,96,"OK"
182,23,1112,96,"OK"
183,19,1113,31,"OK"
184,17,1114,20,"OK"
185,23,1115,117,"OK"
186,21,1115,26,"OK"
187,7,1116,84,"OK"
188,4,1116,288,"OK"
189,22,1117,67,"OK"
190,3,1118,76,"OK"
191,10,1119,39,"OK"
192,6,1120,43,"OK"
193,4,1120,107,"OK"
194,6,1121,37,"OK"
195,2,1121,31,"OK"
196,24,1121,129,"OK"
197,19,1121,64,"OK"
198,14,1122,43,"OK"
199,13,1122,30,"OK"
200,23,1122,68,"OK"
201,15,1123,53,"OK"
202,24,1123,150,"OK"
203,6,1124,26,"OK"
204,5,1125,12,"OK"
205,20,1126,69,"OK"
206,17,1127,13,"OK"
207,15,1128,54,"OK"
208,8,1129,76,"OK"
209,20,1129,72,"OK"
210,17,1130,27,"OK"
211,6,1130,33,"OK"
212,22,1130,54,"OK"
213,10,1130,28,"OK"
214,15,1130,85,"OK"
215,11,1131,77,"OK"
216,17,1131,15,"OK"
217,5,1132,29,"OK"
218,17,1133,22,"OK"
219,6,1134,42,"OK"
220,11,1134,59,"OK"
221,14,1134,24,"OK"
222,19,1134,51,"OK"
223,22,1134,24,"OK"
224,1,1134,24,"OK"
225,21,1135,12,"OK"
226,13,1135,22,"OK"
227,21,1136,16,"OK"
228,24,1137,145,"OK"
229,4,1138,254,"OK"
230,6,1139,58,"OK"
231,2,1140,43,"OK"
232,8,1140,53,"OK"
233,8,1141,80,"OK"
234,22,1141,25,"OK"
235,18,1142,39,"OK"
236,10,1143,24,"OK"
237,21,1144,39,"OK"
238,4,1145,159,"OK"
239,22,1145,64,"OK"
240,18,1145,34,"OK"
241,8,1145,84,"OK"
242,7,1146,40,"OK"
243,18,1146,22,"OK"
244,6,1147,52,"OK"
245,15,1148,27,"OK"
246,17,1148,22,"OK"
247,22,1149,40,"OK"
248,9,1150,19,"OK"
249,4,1150,166,"OK"
250,21,1150,39,"OK"
251,5,1150,24,"OK"
252,6,1151,57,"OK"
253,23,1151,61,"OK"
254,1,1151,25,"OK"
255,7,1152,52,"OK"
256,13,1152,22,"OK"
257,19,1152,90,"OK"
258,14,1153,40,"OK"
259,8,1153,102,"OK"
260,10,1154,18,"OK"
261,9,1154,16,"OK"
262,12,1155,90,"OK"
263,9,1156,12,"OK"
264,12,1156,49,"OK"
265,18,1156,51,"OK"
266,23,1156,71,"OK"
267,15,1156,37,"OK"
268,21,1157,38,"OK"
269,24,1158,109,"OK"
270,15,1158,51,"OK"
271,8,1158,69,"OK"
272,13,1158,23,"OK"
273,20,1158,103,"OK"
274,12,1159,141,"OK"
275,22,1159,50,"OK"
276,21,1160,25,"OK"
277,12,1161,103,"OK"
278,9,1162,28,"OK"
279,20,1163,70,"OK"
280,20,1164,81,"OK"
281,15,1164,75,"OK"
282,6,1164,64,"OK"
283,24,1164,158,"OK"
284,5,1164,13,"OK"
285,10,1164,57,"OK"
286,6,1165,39,"OK"
287,13,1165,15,"OK"
288,17,1166,21,"OK"
289,19,1167,49,"OK"
290,7,1167,69,"OK"
291,16,1167,44,"OK"
292,20,1168,57,"OK"
293,4,1169,259,"OK"
294,18,1169,32,"OK"
295,1,1170,37,"OK"
296,8,1170,137,"OK"
297,15,1171,90,"OK"
298,8,1172,131,"OK"
299,2,1172,43,"OK"
300,17,1173,16,"OK"
301,13,1174,16,"OK"
302,11,1175,68,"OK"
303,19,1176,87,"OK"
304,24,1176,99,"OK"
305,22,1177,29,"OK"
306,18,1178,24,"OK"
307,5,1179,29,"OK"
308,9,1179,28,"OK"
309,18,1179,35,"OK"
310,11,1180,48,"OK"
311,9,1181,35,"OK"
312,23,1181,119,"OK"
313,19,1181,47,"OK"
314,3,1181,110,"OK"
315,21,1182,40,"OK"
316,12,1182,95,"OK"
317,9,1182,24,"OK"
318,15,1182,80,"OK"
319,4,1182,117,"OK"
320,9,1183,30,"OK"
321,13,1184,29,"OK"
322,16,1185,111,"OK"
323,15,1186,83,"OK"
324,18,1187,37,"OK"
325,14,1187,49,"OK"
326,24,1187,133,"OK"
327,6,1188,46,"OK"
328,20,1188,68,"OK"
329,6,1189,64,"OK"
330,16,1189,36,"OK"
331,14,1190,20,"OK"
332,10,1190,45,"OK"
333,20,1191,87,"OK"
334,10,1192,19,"OK"
335,11,1193,50,"OK"
336,17,1194,30,"OK"
337,17,1195,14,"OK"
338,18,1196,60,"OK"
339,15,1196,49,"OK"
340,6,1196,56,"OK"
341,6,1197,42,"OK"
342,13,1198,24,"OK"
343,21,1199,25,"OK"
344,5,1199,32,"OK"
345,19,1199,70,"OK"
346,21,1200,33,"OK"
347,20,1201,83,"OK"
348,15,1201,45,"OK"
349,17,1202,15,"OK"
350,15,1203,36,"OK"
351,24,1203,83,"OK"
352,22,1204,41,"OK"
353,5,1205,30,"OK"
354,4,1206,297,"OK"
355,21,1207,40,"OK"
356,4,1207,292,"OK"
357,19,1208,48,"OK"
358,23,1208,44,"OK"
359,16,1209,97,"OK"
360,11,1210,28,"OK"
361,6,1210,33,"OK"
362,6,1211,75,"OK"
363,12,1212,63,"OK"
364,24,1213,95,"OK"
365,12,1213,100,"OK"
366,14,1214,47,"OK"
367,17,1214,17,"OK"
368,9,1214,33,"OK"
369,23,1214,66,"OK"
370,2,1214,45,"OK"
371,6,1214,52,"OK"
372,9,1215,10,"OK"
373,15,1216,73,"OK"
374,16,1217,104,"OK"
375,19,1218,86,"OK"
376,10,1219,55,"OK"
377,5,1219,29,"OK"
378,7,1220,68,"OK"
379,2,1220,37,"OK"
380,17,1221,18,"OK"
381,6,1221,73,"OK"
382,24,1221,100,"OK"
383,2,1221,35,"OK"
384,7,1222,42,"OK"
385,19,1222,75,"OK"
386,15,1223,51,"OK"
387,6,1223,64,"OK"
388,22,1224,24,"OK"
389,5,1225,30,"OK"
390,17,1225,10,"OK"
391,15,1226,33,"OK"
392,12,1226,88,"OK"
393,5,1227,36,"OK"
394,17,1227,10,"OK"
395,16,1228,93,"OK"
396,24,1229,110,"OK"
397,19,1229,49,"OK"
398,8,1229,107,"OK"
399,6,1230,52,"OK"
400,16,1231,52,"OK"
401,17,1232,26,"OK"
402,4,1233,287,"OK"
403,15,1234,59,"OK"
404,14,1235,30,"OK"
405,5,1236,14,"OK"
406,24,1236,51,"OK"
407,7,1236,67,"OK"
408,6,1237,64,"OK"
409,14,1237,27,"OK"
410,7,1238,111,"OK"
411,3,1238,123,"OK"
412,4,1239,134,"OK"
413,4,1240,258,"OK"
414,14,1241,41,"OK"
415,8,1241,106,"OK"
416,4,1242,255,"OK"
417,2,1243,52,"OK"
418,18,1244,46,"OK"
419,16,1244,100,"OK"
420,8,1245,102,"OK"
421,23,1245,55,"OK"
422,23,1246,101,"OK"
423,4,1247,181,"OK"
424,19,1248,73,"OK"
425,13,1249,27,"OK"
426,24,1250,72,"OK"
427,11,1251,92,"OK"
428,9,1251,12,"OK"
429,12,1252,135,"OK"
430,8,1253,147,"OK"
431,5,1253,27,"OK"
432,11,1254,27,"OK"
433,3,1255,118,"OK"
434,11,1255,51,"OK"
435,6,1255,24,"OK"
436,19,1255,34,"OK"
437,19,1256,71,"OK"
438,24,1256,125,"OK"
439,8,1257,101,"OK"
440,24,1258,152,"OK"
441,2,1258,40,"OK"
442,13,1259,29,"OK"
443,23,1260,116,"OK"
444,15,1260,44,"OK"
445,11,1261,42,"OK"
446,8,1261,80,"OK"
447,24,1261,148,"OK"
448,3,1262,85,"OK"
449,17,1263,27,"OK"
450,8,1263,115,"OK"
451,13,1264,26,"OK"
452,5,1264,18,"OK"
453,24,1264,48,"OK"
454,18,1264,49,"OK"
455,5,1265,18,"OK"
456,19,1265,36,"OK"
457,10,1266,34,"OK"
458,24,1266,138,"OK"
459,6,1266,60,"OK"
460,11,1267,39,"OK"
461,23,1267,63,"OK"
462,24,1268,160,"OK"
463,23,1269,40,"OK"
464,8,1270,77,"OK"
465,10,1270,45,"OK"
466,3,1271,93,"OK"
467,2,1272,51,"OK"
468,6,1273,48,"OK"
469,21,1274,39,"OK"
470,2,1275,70,"OK"
471,13,1276,13,"OK"
472,4,1276,223,"OK"
473,15,1277,26,"OK"
474,9,1278,25,"OK"
475,17,1279,14,"OK"
476,10,1279,60,"OK"
477,5,1279,19,"OK"
478,9,1280,12,"OK"
479,19,1281,45,"OK"
480,18,1282,51,"OK"
481,6,1283,25,"OK"
482,9,1284,12,"OK"
483,6,1284,24,"OK"
484,13,1285,28,"OK"
485,5,1285,14,"OK"
486,4,1285,280,"OK"
487,23,1286,103,"OK"
488,23,1287,91,"OK"
489,13,1287,9,"OK"
490,18,1288,44,"OK"
491,23,1289,104,"OK"
492,4,1289,168,"OK"
493,12,1289,111,"OK"
494,3,1290,167,"OK"
495,13,1291,9,"OK"
496,24,1291,116,"OK"
497,14,1291,56,"OK"
498,5,1292,14,"OK"
499,9,1293,31,"OK"
500,20,1293,81,"OK"
501,8,1293,52,"OK"
502,6,1294,57,"OK"
503,20,1295,116,"OK"
504,3,1295,193,"OK"
505,21,1296,37,"OK"
506,23,1297,73,"OK"
507,20,1298,99,"OK"
508,6,1298,43,"OK"
509,3,1299,76,"OK"
510,14,1300,17,"OK"
511,15,1301,45,"OK"
512,7,1301,78,"OK"
513,12,1302,130,"OK"
514,22,1302,79,"OK"
515,14,1303,38,"OK"
516,12,1303,96,"OK"
517,23,1303,45,"OK"
518,7,1303,65,"OK"
519,4,1303,192,"OK"
520,19,1304,74,"OK"
521,24,1304,76,"OK"
522,23,1305,69,"OK"
523,6,1306,40,"OK"
524,24,1306,144,"OK"
525,9,1307,25,"OK"
526,15,1308,53,"OK"
527,11,1309,84,"OK"
528,13,1309,18,"OK"
529,16,1310,112,"OK"
530,17,1311,25,"OK"
531,7,1312,42,"OK"
532,12,1313,51,"OK"
533,21,1314,35,"OK"
534,5,1315,13,"OK"
535,16,1315,63,"OK"
536,9,1315,15,"OK"
537,1,1316,16,"OK"
538,17,1316,16,"OK"
539,24,1317,93,"OK"
540,12,1318,47,"OK"
541,6,1319,33,"OK"
542,19,1320,37,"OK"
543,14,1321,36,"OK"
544,6,1321,70,"OK"
545,11,1322,42,"OK"
546,9,1323,32,"OK"
547,17,1323,28,"OK"
548,14,1324,54,"OK"
549,19,1325,76,"OK"
550,24,1326,130,"OK"
551,11,1327,28,"OK"
552,20,1328,111,"OK"
553,24,1329,97,"OK"
554,15,1329,36,"OK"
555,6,1329,57,"OK"
556,17,1330,13,"OK"
557,22,1330,35,"OK"
558,5,1331,35,"OK"
559,18,1331,50,"OK"
560,13,1332,19,"OK"
561,15,1332,81,"OK"
562,5,1333,38,"OK"
563,5,1333,16,"OK"
564,16,1333,48,"OK"
565,5,1334,16,"OK"
566,8,1335,128,"OK"
567,20,1336,83,"OK"
568,7,1336,38,"OK"
569,10,1337,45,"OK"
570,24,1338,52,"OK"
571,3,1339,200,"OK"
572,13,1340,13,"OK"
573,19,1340,52,"OK"
574,1,1340,28,"OK"
575,6,1341,31,"OK"
576,23,1341,50,"OK"
577,4,1341,213,"OK"
578,20,1342,114,"OK"
579,16,1343,107,"OK"
580,14,1344,58,"OK"
581,14,1345,19,"OK"
582,7,1346,84,"OK"
583,9,1347,16,"OK"
584,10,1348,46,"OK"
585,19,1349,84,"OK"
586,18,1350,44,"OK"
587,8,1351,122,"OK"
588,20,1352,41,"OK"
589,10,1352,53,"OK"
590,21,1352,14,"OK"
591,8,1352,86,"OK"
592,19,1353,49,"OK"
593,19,1354,64,"OK"
594,11,1355,52,"OK"
595,24,1356,85,"OK"
596,16,1357,76,"OK"
597,16,1358,42,"OK"
598,18,1358,29,"OK"
599,9,1359,10,"OK"
600,7,1360,79,"OK"
601,23,1360,63,"OK"
602,14,1361,31,"OK"
603,1,1362,40,"OK"
604,12,1362,71,"OK"
605,17,1363,28,"OK"
606,7,1363,77,"OK"
607,6,1364,37,"OK"
608,15,1364,55,"OK"
609,6,1365,34,"OK"
610,14,1365,36,"OK"
611,7,1366,61,"OK"
612,2,1366,59,"OK"
613,6,1367,45,"OK"
614,9,1367,33,"OK"
615,12,1368,128,"OK"
616,19,1369,75,"OK"
617,17,1370,16,"OK"
618,10,1370,51,"OK"
619,4,1371,261,"OK"
620,8,1371,78,"OK"
621,16,1372,92,"OK"
622,2,1372,80,"OK"
623,9,1373,16,"OK"
624,7,1374,84,"OK"
625,4,1374,196,"OK"
626,14,1375,53,"OK"
627,2,1375,49,"OK"
628,3,1376,129,"OK"
629,12,1377,80,"OK"
630,23,1378,103,"OK"
631,2,1378,52,"OK"
632,10,1378,26,"OK"
633,17,1378,22,"OK"
634,17,1378,14,"OK"
635,20,1379,116,"OK"
636,18,1380,26,"OK"
637,4,1380,282,"OK"
638,13,1381,17,"OK"
639,20,1382,80,"OK"
640,16,1383,96,"OK"
641,9,1384,31,"OK"
642,21,1384,14,"OK"
643,13,1385,16,"OK"
644,9,1386,14,"OK"
645,8,1387,84,"OK"
646,21,1388,16,"OK"
647,9,1388,26,"OK"
648,16,1388,96,"OK"
649,2,1388,34,"OK"
650,19,1388,38,"OK"
651,10,1389,46,"OK"
652,17,1390,18,"OK"
653,9,1390,12,"OK"
654,18,1391,47,"OK"
655,9,1392,19,"OK"
656,2,1392,46,"OK"
657,10,1393,18,"OK"
658,11,1394,68,"OK"
659,17,1394,30,"OK"
660,22,1394,72,"OK"
661,5,1394,34,"OK"
662,18,1395,37,"OK"
663,17,1396,17,"OK"
664,14,1396,36,"OK"
665,17,1397,23,"OK"
666,4,1397,272,"OK"
667,11,1398,78,"OK"
668,19,1399,70,"OK"
669,24,1399,71,"OK"
670,7,1400,105,"OK"
671,19,1401,89,"OK"
672,13,1401,24,"OK"
673,15,1401,24,"OK"
674,22,1401,72,"OK"
675,11,1402,86,"OK"
676,2,1403,45,"OK"
677,17,1404,14,"OK"
678,11,1404,78,"OK"
679,21,1404,13,"OK"
680,7,1404,84,"OK"
681,8,1405,49,"OK"
682,24,1406,54,"OK"
683,23,1407,57,"OK"
684,1,1408,15,"OK"
685,6,1408,71,"OK"
686,20,1409,47,"OK"
687,1,1409,24,"OK"
688,9,1410,26,"OK"
689,15,1410,56,"OK"
690,5,1410,13,"OK"
691,13,1411,29,"OK"
692,24,1411,107,"OK"
693,21,1411,18,"OK"
694,2,1411,48,"OK"
695,10,1412,23,"OK"
696,21,1413,39,"OK"
697,18,1414,39,"OK"
698,16,1415,32,"OK"
699,22,1416,60,"OK"
700,3,1417,184,"OK"
701,2,1418,63,"OK"
702,10,1418,20,"OK"
703,20,1418,83,"OK"
704,7,1418,61,"OK"
705,24,1418,73,"OK"
706,17,1418,14,"OK"
707,24,1419,70,"OK"
708,7,1420,108,"OK"
709,22,1421,38,"OK"
710,21,1422,28,"OK"
711,11,1422,59,"OK"
712,6,1422,73,"OK"
713,7,1423,109,"OK"
714,6,1424,41,"OK"
715,4,1424,153,"OK"
716,8,1425,144,"OK"
717,13,1425,27,"OK"
718,8,1426,82,"OK"
719,21,1426,17,"OK"
720,3,1426,88,"OK"
721,21,1427,34,"OK"
722,7,1427,75,"OK"
723,24,1427,69,"OK"
724,22,1428,77,"OK"
725,19,1428,76,"OK"
726,13,1429,14,"OK"
727,21,1430,27,"OK"
728,8,1430,123,"OK"
729,6,1431,50,"OK"
730,10,1431,27,"OK"
731,2,1432,37,"OK"
732,20,1433,94,"OK"
733,11,1434,88,"OK"
734,15,1435,71,"OK"
735,21,1435,19,"OK"
736,19,1436,66,"OK"
737,13,1437,21,"OK"
738,10,1438,27,"OK"
739,16,1438,90,"OK"
740,2,1439,78,"OK"
741,3,1440,141,"OK"
742,6,1440,39,"OK"
743,23,1441,98,"OK"
744,7,1442,77,"OK"
745,14,1443,46,"OK"
746,14,1444,45,"OK"
747,19,1445,65,"OK"
748,23,1445,61,"OK"
749,13,1446,30,"OK"
750,10,1447,23,"OK"
751,10,1448,57,"OK"
752,23,1448,49,"OK"
753,5,1449,25,"OK"
754,1,1449,25,"OK"
755,1,1450,38,"OK"
756,3,1451,144,"OK"
757,8,1452,57,"OK"
758,23,1452,89,"OK"
759,12,1452,81,"OK"
760,18,1453,21,"OK"
761,11,1454,58,"OK"
762,9,1454,32,"OK"
763,23,1454,50,"OK"
764,24,1455,106,"OK"
765,22,1456,24,"OK"
766,24,1457,117,"OK"
767,11,1457,71,"OK"
768,8,1457,62,"OK"
769,24,1458,84,"OK"
770,20,1458,117,"OK"
771,17,1458,13,"OK"
772,11,1458,29,"OK"
773,5,1458,29,"OK"
774,9,1459,27,"OK"
775,6,1459,37,"OK"
776,19,1460,85,"OK"
777,11,1461,87,"OK"
778,15,1462,61,"OK"
779,21,1462,34,"OK"
780,9,1463,25,"OK"
781,9,1464,25,"OK"
782,10,1465,30,"OK"
783,14,1466,16,"OK"
784,3,1467,92,"OK"
785,10,1468,22,"OK"
786,23,1469,115,"OK"
787,4,1470,228,"OK"
788,14,1470,23,"OK"
789,13,1471,8,"OK"
790,5,1472,19,"OK"
791,16,1473,64,"OK"
792,11,1474,66,"OK"
793,19,1474,65,"OK"
794,17,1474,24,"OK"
795,15,1475,36,"OK"
796,20,1475,101,"OK"
797,24,1476,160,"OK"
798,13,1477,8,"OK"
799,14,1478,29,"OK"
800,7,1478,88,"OK"
801,21,1478,14,"OK"
802,17,1479,12,"OK"
803,17,1480,30,"OK"
804,16,1481,120,"OK"
805,19,1482,32,"OK"
806,13,1483,18,"OK"
807,6,1483,46,"OK"
808,10,1483,39,"OK"
809,19,1483,84,"OK"
810,11,1484,65,"OK"
811,3,1484,103,"OK"
812,11,1485,84,"OK"
813,19,1485,80,"OK"
814,6,1485,46,"OK"
815,22,1485,78,"OK"
816,14,1485,41,"OK"
817,21,1486,31,"OK"
818,16,1487,74,"OK"
819,23,1487,42,"OK"
820,2,1488,46,"OK"
821,24,1489,113,"OK"
822,19,1490,76,"OK"
823,13,1491,12,"OK"
824,2,1492,29,"OK"
825,24,1493,149,"OK"
826,16,1494,117,"OK"
827,23,1494,52,"OK"
828,3,1494,72,"OK"
829,21,1495,38,"OK"
830,17,1496,11,"OK"
831,24,1497,133,"OK"
832,3,1498,102,"OK"
833,13,1498,20,"OK"
834,14,1498,20,"OK"
835,22,1499,43,"OK"
836,17,1500,30,"OK"
837,22,1500,31,"OK"
838,17,1501,22,"OK"
839,23,1501,39,"OK"
840,9,1502,26,"OK"
841,17,1502,30,"OK"
842,12,1503,120,"OK"
843,4,1503,270,"OK"
844,8,1503,123,"OK"
845,5,1504,32,"OK"
846,12,1505,106,"OK"
847,24,1505,142,"OK"
848,18,1505,40,"OK"
849,21,1506,19,"OK"
850,16,1506,62,"OK"
851,7,1506,60,"OK"
852,16,1507,51,"OK"
853,11,1507,96,"OK"
854,7,1507,79,"OK"
855,18,1507,31,"OK"
856,18,1508,25,"OK"
857,12,1509,113,"OK"
858,16,1510,42,"OK"
859,21,1510,21,"OK"
860,8,1510,129,"OK"
861,24,1511,103,"OK"
862,14,1511,52,"OK"
863,14,1512,55,"OK"
864,2,1513,53,"OK"
865,10,1513,53,"OK"
866,3,1514,196,"OK"
867,20,1515,94,"OK"
868,6,1516,50,"OK"
869,23,1516,77,"OK"
870,22,1517,68,"OK"
871,8,1517,109,"OK"
872,6,1518,51,"OK"
873,19,1518,36,"OK"
874,3,1519,78,"OK"
875,20,1520,53,"OK"
876,22,1520,54,"OK"
877,11,1521,34,"OK"
878,21,1522,22,"OK"
879,9,1523,21,"OK"
880,14,1524,50,"OK"
881,2,1524,64,"OK"
882,21,1525,25,"OK"
883,7,1526,86,"OK"
884,13,1526,15,"OK"
885,16,1527,44,"OK"
886,4,1527,191,"OK"
887,6,1527,30,"OK"
888,9,1528,24,"OK"
889,13,1529,24,"OK"
890,21,1530,40,"OK"
891,18,1531,40,"OK"
892,21,1532,39,"OK"
893,21,1533,24,"OK"
894,20,1533,88,"OK"
895,17,1533,24,"OK"
896,11,1533,47,"OK"
897,9,1534,36,"OK"
898,3,1534,115,"OK"
899,20,1535,107,"OK"
900,10,1536,58,"OK"
901,5,1536,13,"OK"
902,18,1537,31,"OK"
903,18,1538,53,"OK"
904,9,1538,29,"OK"
905,7,1539,38,"OK"
906,18,1539,38,"OK"
907,4,1540,117,"OK"
908,2,1541,49,"OK"
909,8,1541,115,"OK"
910,3,1542,117,"OK"
911,3,1543,103,"OK"
912,19,1543,79,"OK"
913,3,1544,166,"OK"
914,21,1544,30,"OK"
915,11,1544,92,"OK"
916,11,1545,82,"OK"
917,24,1546,113,"OK"
918,24,1547,67,"OK"
919,13,1548,21,"OK"
920,8,1548,124,"OK"
921,11,1549,79,"OK"
922,16,1550,107,"OK"
923,9,1550,16,"OK"
924,7,1550,86,"OK"
925,22,1551,69,"OK"
926,23,1552,81,"OK"
927,20,1552,75,"OK"
928,23,1553,115,"OK"
929,20,1553,83,"OK"
930,7,1553,105,"OK"
931,13,1554,29,"OK"
932,3,1554,192,"OK"
933,19,1554,62,"OK"
934,6,1554,49,"OK"
935,8,1555,55,"OK"
936,8,1556,52,"OK"
937,2,1557,72,"OK"
938,24,1558,89,"OK"
939,20,1558,120,"OK"
940,2,1559,72,"OK"
941,16,1559,118,"OK"
942,21,1559,14,"OK"
943,24,1560,131,"OK"
944,11,1561,44,"OK"
945,15,1562,28,"OK"
946,4,1563,165,"OK"
947,12,1563,48,"OK"
948,24,1564,60,"OK"
949,17,1565,25,"OK"
950,14,1566,52,"OK"
951,5,1566,24,"OK"
952,21,1566,36,"OK"
953,23,1567,98,"OK"
954,17,1568,20,"OK"
955,8,1569,52,"OK"
956,21,1570,38,"OK"
957,24,1571,85,"OK"
958,5,1572,22,"OK"
959,23,1573,87,"OK"
960,4,1574,221,"OK"
961,18,1574,21,"OK"
962,22,1574,40,"OK"
963,12,1575,55,"OK"
964,3,1575,169,"OK"
965,14,1575,59,"OK"
966,24,1575,153,"OK"
967,3,1576,155,"OK"
968,7,1577,98,"OK"
969,12,1578,124,"OK"
970,13,1579,10,"OK"
971,24,1580,63,"OK"
972,16,1581,79,"OK"
973,15,1582,69,"OK"
974,11,1582,66,"OK"
975,21,1582,16,"OK"
976,21,1582,39,"OK"
977,6,1582,36,"OK"
978,22,1583,55,"OK"
979,14,1583,32,"OK"
980,5,1584,24,"OK"
981,7,1584,91,"OK"
982,2,1585,52,"OK"
983,16,1586,85,"OK"
984,4,1587,273,"OK"
985,23,1587,71,"OK"
986,9,1587,27,"OK"
987,17,1587,26,"OK"
988,17,1587,14,"OK"
989,10,1587,44,"OK"
990,20,1588,87,"OK"
991,12,1588,69,"OK"
992,16,1588,53,"OK"
993,7,1588,71,"OK"
994,22,1588,49,"OK"
995,1,1588,40,"OK"
996,5,1589,34,"OK"
997,7,1590,63,"OK"
998,2,1590,49,"OK"
999,20,1591,87,"OK"
1000,5,1592,22,"OK"
1001,23,1592,95,"OK"
1002,18,1593,38,"OK"
1003,2,1594,31,"OK"
1004,4,1595,281,"OK"
1005,21,1595,15,"OK"
1006,9,1596,10,"OK"
1007,10,1597,31,"OK"
1008,8,1598,116,"OK"
1009,18,1599,42,"OK"
1010,21,1599,27,"OK"
1011,9,1600,21,"OK"
1012,22,1601,49,"OK"
1013,16,1602,36,"OK"
1014,5,1603,15,"OK"
1015,11,1603,46,"OK"
1016,9,1604,17,"OK"
1017,24,1605,71,"OK"
1018,6,1605,58,"OK"
1019,12,1606,140,"OK"
1020,4,1607,170,"OK"
1021,6,1607,25,"OK"
1022,12,1607,123,"OK"
1023,10,1608,38,"OK"
1024,23,1609,88,"OK"
1025,4,1610,163,"OK"
1026,12,1610,138,"OK"
1027,24,1610,93,"OK"
1028,17,1610,13,"OK"
1029,5,1610,18,"OK"
1030,14,1611,45,"OK"
1031,20,1612,91,"OK"
1032,11,1612,63,"OK"
1033,6,1613,49,"OK"
1034,11,1613,68,"OK"
1035,23,1613,37,"OK"
1036,5,1613,27,"OK"
1037,15,1613,50,"OK"
1038,21,1613,16,"OK"
1039,23,1614,99,"OK"
1040,21,1615,28,"OK"
1041,12,1616,140,"OK"
1042,24,1616,85,"OK"
1043,18,1616,33,"OK"
1044,1,1616,35,"OK"
1045,24,1617,154,"OK"
1046,4,1617,189,"OK"
1047,9,1618,17,"OK"
1048,16,1619,79,"OK"
1049,13,1620,12,"OK"
1050,5,1621,34,"OK"
1051,18,1621,33,"OK"
1052,23,1621,84,"OK"
1053,12,1622,144,"OK"
1054,2,1623,53,"OK"
1055,20,1623,89,"OK"
1056,4,1624,207,"OK"
1057,13,1625,10,"OK"
1058,19,1625,79,"OK"
1059,9,1626,29,"OK"
1060,17,1627,12,"OK"
1061,24,1627,68,"OK"
1062,20,1628,67,"OK"
1063,9,1628,31,"OK"
1064,9,1629,23,"OK"
1065,17,1629,16,"OK"
1066,24,1630,135,"OK"
1067,21,1631,15,"OK"
1068,10,1631,23,"OK"
1069,4,1631,170,"OK"
1070,10,1632,52,"OK"
1071,15,1633,33,"OK"
1072,11,1634,96,"OK"
1073,20,1635,101,"OK"
1074,15,1635,78,"OK"
1075,11,1636,67,"OK"
1076,18,1637,43,"OK"
1077,24,1638,131,"OK"
1078,15,1638,64,"OK"
1079,9,1639,16,"OK"
1080,3,1640,189,"OK"
1081,6,1641,50,"OK"
1082,9,1642,27,"OK"
1083,21,1642,40,"OK"
1084,20,1642,61,"OK"
1085,15,1642,45,"OK"
1086,9,1642,13,"OK"
1087,1,1642,15,"OK"
1088,16,1643,68,"OK"
1089,24,1644,78,"OK"
1090,4,1644,278,"OK"
1091,23,1645,97,"OK"
1092,22,1646,38,"OK"
1093,17,1646,27,"OK"
1094,1,1647,17,"OK"
1095,18,1648,21,"OK"
1096,15,1649,45,"OK"
1097,21,1650,34,"OK"
1098,5,1650,36,"OK"
1099,10,1650,56,"OK"
1100,21,1651,18,"OK"
1101,7,1651,103,"OK"
1102,12,1652,131,"OK"
1103,15,1652,35,"OK"
1104,3,1652,136,"OK"
1105,17,1652,20,"OK"
1106,17,1653,15,"OK"
1107,22,1653,61,"OK"
1108,6,1653,58,"OK"
1109,10,1653,31,"OK"
1110,5,1653,32,"OK"
1111,14,1653,30,"OK"
1112,11,1654,32,"OK"
1113,15,1654,34,"OK"
1114,7,1654,52,"OK"
1115,19,1654,43,"OK"
1116,5,1655,12,"OK"
1117,12,1656,107,"OK"
1118,17,1657,13,"OK"
1119,20,1658,77,"OK"
1120,1,1658,33,"OK"
1121,5,1659,38,"OK"
1122,3,1660,176,"OK"
1123,11,1661,70,"OK"
1124,3,1662,139,"OK"
1125,3,1663,173,"OK"
1126,12,1663,95,"OK"
1127,17,1664,28,"OK"
1128,4,1664,124,"OK"
1129,22,1664,54,"OK"
1130,21,1665,23,"OK"
1131,17,1666,21,"OK"
1132,9,1667,22,"OK"
1133,4,1668,292,"OK"
1134,21,1669,32,"OK"
1135,12,1670,115,"OK"
1136,21,1671,26,"OK"
1137,4,1672,264,"OK"
1138,7,1673,90,"OK"
1139,16,1673,83,"OK"
1140,11,1674,96,"OK"
1141,23,1675,68,"OK"
1142,5,1676,14,"OK"
1143,19,1677,89,"OK"
1144,13,1677,18,"OK"
1145,11,1678,74,"OK"
1146,20,1679,79,"OK"
1147,5,1680,33,"OK"
1148,15,1680,56,"OK"
1149,4,1681,188,"OK"
1150,9,1682,30,"OK"
1151,4,1682,281,"OK"
1152,8,1682,72,"OK"
1153,4,1683,242,"OK"
1154,14,1683,55,"OK"
1155,10,1683,41,"OK"
1156,15,1684,36,"OK"
1157,18,1685,51,"OK"
1158,19,1686,68,"OK"
1159,16,1687,117,"OK"
1160,8,1688,121,"OK"
1161,6,1689,38,"OK"
1162,20,1689,53,"OK"
1163,11,1689,85,"OK"
1164,14,1689,56,"OK"
1165,21,1689,37,"OK"
1166,24,1690,58,"OK"
1167,3,1691,196,"OK"
1168,11,1692,75,"OK"
1169,14,1692,33,"OK"
1170,23,1693,59,"OK"
1171,3,1693,185,"OK"
1172,6,1693,58,"OK"
1173,18,1693,51,"OK"
1174,10,1693,44,"OK"
1175,14,1693,52,"OK"
1176,6,1694,72,"OK"
1177,22,1695,58,"OK"
1178,23,1696,61,"OK"
1179,1,1697,31,"OK"
1180,6,1697,51,"OK"
1181,24,1698,107,"OK"
1182,4,1699,223,"OK"
1183,4,1700,196,"OK"
1184,23,1700,36,"OK"
1185,21,1700,38,"OK"
1186,7,1701,66,"OK"
1187,8,1702,146,"OK"
1188,23,1702,95,"OK"
1189,7,1703,107,"OK"
1190,21,1704,15,"OK"
1191,10,1704,57,"OK"
1192,15,1705,57,"OK"
1193,15,1706,55,"OK"
1194,3,1707,136,"OK"
1195,10,1708,41,"OK"
1196,15,1709,38,"OK"
1197,1,1710,36,"OK"
1198,9,1710,10,"OK"
1199,23,1711,60,"OK"
1200,5,1712,37,"OK"
1201,17,1713,26,"OK"
1202,13,1714,27,"OK"
1203,11,1715,40,"OK"
1204,1,1715,17,"OK"
1205,10,1716,45,"OK"
1206,22,1717,33,"OK"
1207,12,1718,136,"OK"
1208,2,1718,33,"OK"
1209,6,1719,62,"OK"
1210,9,1719,33,"OK"
1211,11,1720,95,"OK"
1212,23,1721,52,"OK"
1213,5,1722,32,"OK"
1214,15,1722,45,"OK"
1215,3,1723,80,"OK"
1216,7,1723,45,"OK"
1217,2,1724,46,"OK"
1218,22,1725,61,"OK"
1219,15,1725,30,"OK"
1220,3,1726,170,"OK"
1221,19,1727,60,"OK"
1222,22,1728,78,"OK"
1223,17,1728,10,"OK"
1224,6,1729,33,"OK"
1225,20,1730,88,"OK"
1226,17,1731,27,"OK"
1227,3,1732,80,"OK"
1228,24,1733,110,"OK"
1229,20,1734,106,"OK"
1230,24,1734,122,"OK"
1231,16,1734,104,"OK"
1232,11,1735,77,"OK"
1233,16,1735,77,"OK"
1234,5,1735,19,"OK"
1235,19,1735,68,"OK"
1236,22,1735,24,"OK"
1237,14,1736,34,"OK"
1238,2,1737,34,"OK"
1239,14,1738,24,"OK"
1240,6,1738,25,"OK"
1241,13,1739,15,"OK"
1242,9,1740,18,"OK"
1243,7,1741,105,"OK"
1244,11,1742,41,"OK"
1245,3,1742,105,"OK"
1246,7,1742,59,"OK"
1247,20,1742,66,"OK"
1248,24,1742,57,"OK"
1249,11,1743,76,"OK"
1250,10,1744,32,"OK"
1251,14,1744,35,"OK"
1252,22,1745,59,"OK"
1253,4,1745,193,"OK"
1254,18,1746,49,"OK"
1255,12,1746,90,"OK"
1256,3,1746,183,"OK"
1257,16,1747,79,"OK"
1258,4,1748,235,"OK"
1259,1,1749,29,"OK"
1260,4,1750,210,"OK"
1261,24,1751,107,"OK"
1262,2,1752,35,"OK"
1263,6,1752,32,"OK"
1264,13,1753,20,"OK"
1265,3,1754,174,"OK"
1266,20,1755,71,"OK"
1267,8,1756,63,"OK"
1268,18,1757,49,"OK"
1269,12,1758,65,"OK"
1270,9,1759,20,"OK"
1271,10,1760,36,"OK"
1272,8,1761,141,"OK"
1273,22,1762,65,"OK"
1274,5,1762,14,"OK"
1275,20,1762,109,"OK"
1276,8,1763,50,"OK"
1277,18,1764,43,"OK"
1278,2,1764,63,"OK"
1279,11,1764,53,"OK"
1280,14,1764,39,"OK"
1281,7,1764,84,"OK"
1282,24,1764,77,"OK"
1283,21,1765,35,"OK"
1284,9,1765,11,"OK"
1285,24,1765,132,"OK"
1286,4,1765,129,"OK"
1287,6,1765,48,"OK"
1288,24,1766,67,"OK"
1289,24,1767,71,"OK"
1290,11,1767,36,"OK"
1291,24,1768,91,"OK"
1292,4,1768,231,"OK"
1293,10,1769,51,"OK"
1294,9,1770,29,"OK"
1295,16,1771,82,"OK"
1296,24,1772,106,"OK"
1297,1,1772,15,"OK"
1298,1,1773,26,"OK"
1299,7,1773,102,"OK"
1300,15,1773,82,"OK"
1301,13,1774,29,"OK"
1302,22,1775,31,"OK"
1303,22,1776,43,"OK"
1304,16,1777,42,"OK"
1305,20,1777,101,"OK"
1306,2,1778,36,"OK"
1307,14,1779,48,"OK"
1308,5,1779,13,"OK"
1309,22,1779,70,"OK"
1310,10,1779,20,"OK"
1311,18,1779,43,"OK"
1312,19,1780,44,"OK"
1313,10,1781,20,"OK"
1314,24,1781,115,"OK"
1315,19,1781,88,"OK"
1316,3,1781,83,"OK"
1317,4,1782,192,"OK"
1318,15,1783,49,"OK"
1319,24,1784,111,"OK"
1320,17,1784,20,"OK"
1321,14,1784,47,"OK"
1322,19,1785,39,"OK"
1323,2,1786,75,"OK"
1324,9,1786,17,"OK"
1325,7,1787,59,"OK"
1326,17,1787,24,"OK"
1327,14,1787,47,"OK"
1328,19,1788,72,"OK"
1329,24,1788,106,"OK"
1330,18,1789,60,"OK"
1331,12,1789,141,"OK"
1332,13,1789,10,"OK"
1333,18,1790,21,"OK"
1334,8,1791,103,"OK"
1335,11,1792,52,"OK"
1336,17,1793,18,"OK"
1337,22,1794,69,"OK"
1338,2,1795,68,"OK"
1339,21,1795,21,"OK"
1340,16,1796,54,"OK"
1341,8,1797,110,"OK"
1342,18,1797,29,"OK"
1343,9,1797,20,"OK"
1344,14,1797,34,"OK"
1345,23,1797,93,"OK"
1346,4,1797,251,"OK"
1347,21,1798,24,"OK"
1348,18,1799,39,"OK"
1349,18,1800,56,"OK"
1350,15,1801,76,"OK"
1351,10,1802,57,"OK"
1352,24,1802,147,"OK"
1353,20,1803,102,"OK"
1354,7,1804,39,"OK"
1355,20,1805,50,"OK"
1356,2,1806,51,"OK"
1357,16,1807,55,"OK"
1358,12,1808,124,"OK"
1359,3,1808,148,"OK"
1360,7,1808,57,"OK"
1361,19,1808,73,"OK"
1362,14,1808,28,"OK"
1363,8,1809,81,"OK"
1364,12,1810,74,"OK"
1365,17,1810,11,"OK"
1366,15,1811,58,"OK"
1367,18,1811,39,"OK"
1368,12,1812,126,"OK"
1369,22,1813,25,"OK"
1370,12,1813,41,"OK"
1371,2,1813,80,"OK"
1372,12,1814,125,"OK"
1373,22,1814,75,"OK"
1374,15,1814,69,"OK"
1375,18,1814,55,"OK"
1376,5,1814,36,"OK"
1377,4,1814,239,"OK"
1378,17,1815,24,"OK"
1379,14,1816,55,"OK"
1380,13,1817,25,"OK"
1381,24,1818,60,"OK"
1382,23,1819,40,"OK"
1383,7,1819,98,"OK"
1384,19,1820,59,"OK"
1385,9,1820,24,"OK"
1386,1,1821,18,"OK"
1387,5,1822,17,"OK"
1388,11,1823,33,"OK"
1389,3,1823,191,"OK"
1390,17,1824,25,"OK"
1391,20,1825,54,"OK"
1392,1,1826,31,"OK"
1393,9,1826,17,"OK"
1394,13,1826,19,"OK"
1395,23,1826,95,"OK"
1396,4,1827,233,"OK"
1397,20,1827,43,"OK"
1398,15,1827,52,"OK"
1399,17,1828,17,"OK"
1400,19,1829,79,"OK"
1401,3,1830,145,"OK"
1402,5,1831,38,"OK"
1403,12,1832,100,"OK"
1404,24,1833,94,"OK"
1405,15,1833,74,"OK"
1406,8,1834,57,"OK"
1407,10,1835,30,"OK"
1408,23,1836,56,"OK"
1409,23,1837,46,"OK"
1410,8,1837,104,"OK"
1411,9,1838,26,"OK"
1412,18,1839,32,"OK"
1413,11,1839,57,"OK"
1414,23,1839,85,"OK"
1415,6,1840,55,"OK"
1416,24,1840,54,"OK"
1417,13,1841,14,"OK"
1418,21,1841,28,"OK"
1419,8,1841,129,"OK"
1420,11,1842,83,"OK"
1421,23,1843,52,"OK"
1422,21,1844,28,"OK"
1423,16,1845,93,"OK"
1424,9,1846,35,"OK"
1425,13,1847,28,"OK"
1426,5,1847,24,"OK"
1427,10,1848,60,"OK"
1428,16,1848,68,"OK"
1429,19,1849,31,"OK"
1430,19,1850,54,"OK"
1431,18,1851,35,"OK"
1432,3,1852,159,"OK"
1433,20,1852,56,"OK"
1434,3,1853,125,"OK"
1435,11,1854,87,"OK"
1436,20,1854,43,"OK"
1437,24,1855,120,"OK"
1438,24,1856,78,"OK"
1439,4,1856,111,"OK"
1440,4,1857,137,"OK"
1441,10,1857,40,"OK"
1442,16,1857,120,"OK"
1443,18,1858,58,"OK"
1444,7,1858,46,"OK"
1445,3,1858,179,"OK"
1446,2,1859,74,"OK"
1447,11,1859,64,"OK"
1448,14,1859,20,"OK"
1449,24,1860,133,"OK"
1450,12,1860,69,"OK"
1451,19,1860,40,"OK"
1452,14,1860,53,"OK"
1453,12,1861,44,"OK"
1454,2,1862,66,"OK"
1455,19,1863,52,"OK"
1456,10,1863,55,"OK"
1457,1,1864,38,"OK"
1458,16,1865,114,"OK"
1459,15,1866,66,"OK"
1460,18,1866,57,"OK"
1461,5,1867,16,"OK"
1462,14,1867,22,"OK"
1463,21,1867,16,"OK"
1464,18,1868,57,"OK"
1465,24,1869,76,"OK"
1466,24,1870,112,"OK"
1467,23,1871,79,"OK"
1468,19,1872,80,"OK"
1469,16,1873,78,"OK"
1470,1,1874,20,"OK"
1471,15,1875,33,"OK"
1472,24,1875,158,"OK"
1473,21,1876,39,"OK"
1474,9,1876,27,"OK"
1475,20,1877,55,"OK"
1476,16,1878,86,"OK"
1477,23,1878,70,"OK"
1478,12,1878,92,"OK"
1479,20,1879,77,"OK"
1480,3,1879,178,"OK"
1481,23,1880,38,"OK"
1482,3,1881,98,"OK"
1483,15,1882,25,"OK"
1484,7,1882,108,"OK"
1485,21,1882,15,"OK"
1486,8,1883,138,"OK"
1487,9,1884,35,"OK"
1488,17,1885,30,"OK"
1489,12,1886,45,"OK"
1490,11,1887,91,"OK"
1491,12,1888,115,"OK"
1492,22,1888,31,"OK"
1493,9,1889,11,"OK"
1494,4,1890,259,"OK"
1495,8,1891,119,"OK"
1496,18,1892,56,"OK"
1497,22,1893,40,"OK"
1498,18,1894,25,"OK"
1499,4,1894,280,"OK"
1500,18,1895,60,"OK"
1501,24,1896,132,"OK"
1502,4,1896,263,"OK"
1503,3,1897,170,"OK"
1504,22,1898,57,"OK"
1505,23,1899,105,"OK"
1506,3,1900,144,"OK"
1507,16,1900,37,"OK"
1508,9,1900,25,"OK"
1509,16,1901,67,"OK"
1510,24,1902,117,"OK"
1511,24,1903,80,"OK"
1512,18,1903,35,"OK"
1513,23,1904,81,"OK"
1514,18,1904,51,"OK"
1515,11,1905,75,"OK"
1516,12,1906,66,"OK"
1517,14,1907,38,"OK"
1518,13,1907,16,"OK"
1519,9,1908,26,"OK"
1520,14,1908,53,"OK"
1521,2,1909,37,"OK"
1522,12,1910,142,"OK"
1523,3,1911,189,"OK"
1524,10,1911,33,"OK"
1525,5,1912,34,"OK"
1526,21,1913,19,"OK"
1527,8,1913,89,"OK"
1528,3,1913,198,"OK"
1529,11,1913,56,"OK"
1530,22,1913,50,"OK"
1531,17,1913,21,"OK"
1532,13,1914,8,"OK"
1533,12,1914,105,"OK"
1534,24,1914,57,"OK"
1535,24,1915,70,"OK"
1536,14,1915,34,"OK"
1537,14,1916,26,"OK"
1538,5,1916,26,"OK"
1539,13,1917,29,"OK"
1540,24,1918,101,"OK"
1541,14,1918,51,"OK"
1542,20,1918,73,"OK"
1543,12,1919,91,"OK"
1544,18,1919,41,"OK"
1545,20,1920,56,"OK"
1546,5,1921,16,"OK"
1547,17,1921,18,"OK"
1548,6,1922,30,"OK"
1549,24,1923,120,"OK"
1550,8,1923,79,"OK"
1551,6,1924,46,"OK"
1552,15,1924,52,"OK"
1553,20,1925,62,"OK"
1554,16,1926,72,"OK"
1555,17,1927,17,"OK"
1556,14,1928,16,"OK"
1557,24,1928,58,"OK"
1558,23,1929,44,"OK"
1559,20,1929,111,"OK"
1560,7,1930,88,"OK"
1561,18,1931,57,"OK"
1562,13,1931,14,"OK"
1563,3,1932,131,"OK"
1564,8,1932,107,"OK"
1565,11,1933,61,"OK"
1566,1,1933,25,"OK"
1567,15,1933,52,"OK"
1568,17,1933,14,"OK"
1569,22,1934,80,"OK"
1570,20,1934,57,"OK"
1571,9,1934,21,"OK"
1572,2,1934,80,"OK"
1573,15,1934,88,"OK"
1574,19,1935,52,"OK"
1575,2,1935,66,"OK"
1576,19,1936,85,"OK"
1577,17,1936,27,"OK"
1578,23,1936,116,"OK"
1579,2,1937,45,"OK"
1580,8,1938,90,"OK"
1581,19,1938,68,"OK"
1582,24,1938,93,"OK"
1583,10,1938,21,"OK"
1584,1,1938,34,"OK"
1585,14,1938,23,"OK"
1586,21,1939,38,"OK"
1587,16,1940,38,"OK"
1588,4,1940,146,"OK"
1589,24,1941,93,"OK"
1590,3,1942,190,"OK"
1591,4,1943,299,"OK"
1592,23,1944,58,"OK"
1593,2,1945,73,"OK"
1594,7,1945,47,"OK"
1595,21,1945,12,"OK"
1596,23,1946,102,"OK"
1597,24,1947,108,"OK"
1598,2,1947,65,"OK"
1599,16,1947,112,"OK"
1600,9,1947,12,"OK"
1601,20,1947,93,"OK"
1602,2,1948,68,"OK"
1603,23,1948,89,"OK"
1604,8,1948,71,"OK"
1605,10,1949,32,"OK"
1606,16,1949,101,"OK"
1607,24,1950,57,"OK"
1608,21,1951,34,"OK"
1609,24,1951,146,"OK"
1610,9,1951,16,"OK"
1611,9,1952,32,"OK"
1612,9,1953,19,"OK"
1613,8,1954,98,"OK"
1614,6,1955,51,"OK"
1615,10,1955,50,"OK"
1616,5,1955,35,"OK"
1617,18,1955,28,"OK"
1618,19,1956,37,"OK"
1619,21,1957,26,"OK"
1620,21,1958,27,"OK"
1621,9,1958,27,"OK"
1622,24,1958,67,"OK"
1623,22,1959,62,"OK"
1624,9,1959,34,"OK"
1625,11,1960,62,"OK"
1626,24,1961,136,"OK"
1627,16,1962,73,"OK"
1628,19,1963,40,"OK"
1629,4,1964,194,"OK"
1630,15,1965,89,"OK"
1631,19,1966,83,"OK"
1632,4,1966,145,"OK"
1633,9,1966,32,"OK"
1634,15,1966,48,"OK"
1635,15,1967,67,"OK"
1636,21,1967,35,"OK"
1637,19,1968,74,"OK"
1638,23,1969,44,"OK"
1639,10,1970,39,"OK"
1640,14,1971,52,"OK"
1641,10,1972,48,"OK"
1642,9,1972,26,"OK"
1643,22,1972,41,"OK"
1644,4,1972,261,"OK"
1645,3,1973,135,"OK"
1646,11,1974,60,"OK"
1647,24,1974,124,"OK"
1648,13,1975,17,"OK"
1649,12,1976,80,"OK"
1650,2,1976,56,"OK"
1651,17,1976,16,"OK"
1652,13,1977,25,"OK"
1653,5,1978,28,"OK"
1654,7,1979,67,"OK"
1655,3,1980,199,"OK"
1656,16,1981,60,"OK"
1657,1,1982,37,"OK"
1658,13,1982,28,"OK"
1659,7,1982,93,"OK"
1660,16,1983,86,"OK"
1661,13,1984,21,"OK"
1662,12,1985,143,"OK"
1663,21,1985,33,"OK"
1664,18,1986,22,"OK"
1665,5,1986,38,"OK"
1666,24,1987,129,"OK"
1667,23,1988,62,"OK"
1668,13,1988,18,"OK"
1669,9,1988,26,"OK"
1670,21,1988,37,"OK"
1671,15,1989,69,"OK"
1672,10,1990,55,"OK"
1673,13,1991,18,"OK"
1674,24,1992,121,"OK"
1675,1,1993,26,"OK"
1676,14,1993,26,"OK"
1677,7,1993,42,"OK"
1678,19,1994,67,"OK"
1679,16,1995,66,"OK"
1680,8,1995,101,"OK"
1681,19,1995,69,"OK"
1682,13,1996,15,"OK"
1683,23,1996,47,"OK"
1684,8,1997,104,"OK"
1685,17,1997,27,"OK"
1686,4,1997,162,"OK"
1687,24,1998,145,"OK"
1688,20,1999,106,"OK"
1689,10,2000,59,"OK"
1690,15,2000,76,"OK"
1691,11,2001,71,"OK"
1692,19,2001,62,"OK"
1693,4,2001,109,"OK"
1694,5,2001,22,"OK"
1695,13,2001,29,"OK"
1696,8,2002,150,"OK"
1697,16,2002,48,"OK"
1698,21,2002,13,"OK"
1699,4,2003,109,"OK"
1700,10,2004,53,"OK"
1701,22,2004,65,"OK"
1702,16,2004,112,"OK"
1703,12,2005,48,"OK"
1704,18,2005,23,"OK"
1705,1,2005,32,"OK"
1706,15,2006,32,"OK"
1707,3,2006,71,"OK"
1708,24,2007,125,"OK"
1709,20,2008,86,"OK"
1710,12,2009,131,"OK"
1711,4,2009,172,"OK"
1712,14,2010,30,"OK"
1713,1,2011,27,"OK"
1714,14,2012,42,"OK"
1715,22,2013,68,"OK"
1716,12,2013,54,"OK"
1717,2,2014,51,"OK"
1718,1,2015,23,"OK"
1719,17,2015,23,"OK"
1720,17,2015,22,"OK"
1721,7,2016,71,"OK"
1722,20,2017,94,"OK"
1723,22,2017,32,"OK"
1724,6,2017,72,"OK"
1725,3,2017,112,"OK"
1726,10,2017,59,"OK"
1727,14,2017,59,"OK"
1728,19,2018,33,"OK"
1729,19,2019,67,"OK"
1730,23,2020,95,"OK"
1731,24,2021,138,"OK"
1732,24,2022,120,"OK"
1733,12,2022,62,"OK"
1734,19,2022,83,"OK"
1735,4,2022,175,"OK"
1736,16,2022,67,"OK"
1737,6,2022,49,"OK"
1738,18,2023,44,"OK"
1739,2,2024,36,"OK"
1740,20,2025,105,"OK"
1741,19,2026,45,"OK"
1742,24,2027,93,"OK"
1743,20,2028,106,"OK"
1744,4,2028,275,"OK"
1745,22,2028,42,"OK"
1746,8,2029,87,"OK"
1747,12,2029,131,"OK"
1748,12,2030,68,"OK"
1749,2,2030,77,"OK"
1750,12,2031,140,"OK"
1751,6,2032,61,"OK"
1752,19,2033,86,"OK"
1753,19,2034,37,"OK"
1754,6,2035,73,"OK"
1755,14,2035,58,"OK"
1756,22,2036,50,"OK"
1757,22,2037,46,"OK"
1758,9,2038,29,"OK"
1759,18,2039,42,"OK"
1760,16,2039,81,"OK"
1761,4,2040,212,"OK"
1762,6,2040,41,"OK"
1763,12,2041,122,"OK"
1764,15,2042,34,"OK"
1765,8,2043,58,"OK"
1766,14,2044,56,"OK"
1767,16,2045,55,"OK"
1768,11,2046,68,"OK"
1769,19,2047,45,"OK"
1770,19,2048,58,"OK"
1771,7,2048,41,"OK"
1772,8,2049,141,"OK"
1773,4,2050,204,"OK"
1774,7,2051,112,"OK"
1775,13,2051,20,"OK"
1776,16,2052,80,"OK"
1777,19,2053,68,"OK"
1778,7,2054,41,"OK"
1779,14,2055,26,"OK"
1780,10,2056,54,"OK"
1781,3,2057,133,"OK"
1782,8,2058,87,"OK"
1783,22,2059,48,"OK"
1784,3,2060,125,"OK"
1785,21,2061,32,"OK"
1786,15,2061,54,"OK"
1787,12,2061,114,"OK"
1788,23,2062,57,"OK"
1789,5,2062,32,"OK"
1790,9,2062,28,"OK"
1791,11,2063,66,"OK"
1792,24,2064,115,"OK"
1793,17,2065,13,"OK"
1794,11,2065,42,"OK"
1795,23,2066,117,"OK"
1796,21,2067,32,"OK"
1797,13,2067,15,"OK"
1798,10,2068,17,"OK"
1799,18,2069,42,"OK"
1800,15,2070,64,"OK"
1801,6,2070,28,"OK"
1802,4,2071,291,"OK"
1803,19,2072,61,"OK"
1804,9,2073,24,"OK"
1805,19,2073,78,"OK"
1806,18,2074,43,"OK"
1807,17,2075,21,"OK"
1808,14,2075,44,"OK"
1809,24,2075,73,"OK"
1810,7,2076,112,"OK"
1811,4,2076,250,"OK"
1812,8,2077,90,"OK"
1813,10,2077,18,"OK"
1814,18,2078,45,"OK"
1815,19,2079,79,"OK"
1816,1,2080,25,"OK"
1817,17,2081,25,"OK"
1818,12,2082,68,"OK"
1819,9,2083,11,"OK"
1820,24,2083,106,"OK"
1821,24,2084,54,"OK"
1822,19,2084,58,"OK"
1823,14,2085,36,"OK"
1824,20,2086,84,"OK"
1825,18,2087,53,"OK"
1826,16,2088,68,"OK"
1827,22,2088,54,"OK"
1828,9,2088,36,"OK"
1829,11,2088,66,"OK"
1830,10,2089,37,"OK"
1831,19,2089,38,"OK"
1832,24,2090,105,"OK"
1833,17,2091,10,"OK"
1834,23,2092,50,"OK"
1835,4,2092,180,"OK"
1836,8,2092,64,"OK"
1837,19,2092,74,"OK"
1838,20,2093,80,"OK"
1839,19,2094,32,"OK"
1840,9,2094,13,"OK"
1841,4,2095,171,"OK"
1842,20,2095,51,"OK"
1843,3,2096,172,"OK"
1844,11,2097,68,"OK"
1845,20,2098,106,"OK"
1846,3,2099,163,"OK"
1847,21,2099,36,"OK"
1848,16,2099,104,"OK"
1849,5,2099,14,"OK"
1850,12,2099,103,"OK"
1851,24,2099,71,"OK"
1852,19,2100,73,"OK"
1853,17,2100,19,"OK"
1854,16,2101,35,"OK"
1855,3,2101,87,"OK"
1856,16,2102,70,"OK"
1857,3,2103,183,"OK"
1858,14,2103,46,"OK"
1859,24,2103,121,"OK"
1860,19,2104,45,"OK"
1861,10,2104,55,"OK"
1862,16,2104,97,"OK"
1863,8,2105,129,"OK"
1864,17,2106,17,"OK"
1865,23,2106,114,"OK"
1866,11,2106,33,"OK"
1867,5,2107,37,"OK"
1868,7,2108,73,"OK"
1869,15,2108,55,"OK"
1870,22,2108,46,"OK"
1871,22,2109,33,"OK"
1872,15,2110,79,"OK"
1873,11,2111,72,"OK"
1874,21,2111,29,"OK"
1875,13,2112,9,"OK"
1876,8,2113,53,"OK"
1877,20,2113,55,"OK"
1878,24,2113,69,"OK"
1879,9,2114,30,"OK"
1880,8,2115,128,"OK"
1881,4,2116,201,"OK"
1882,23,2116,81,"OK"
1883,9,2116,24,"OK"
1884,14,2117,52,"OK"
1885,21,2118,28,"OK"
1886,12,2119,132,"OK"
1887,3,2120,75,"OK"
1888,15,2120,31,"OK"
1889,19,2120,59,"OK"
1890,9,2120,28,"OK"
1891,10,2120,34,"OK"
1892,22,2120,49,"OK"
1893,24,2121,104,"OK"
1894,20,2121,52,"OK"
1895,7,2122,91,"OK"
1896,16,2123,110,"OK"
1897,4,2123,210,"OK"
1898,21,2124,18,"OK"
1899,10,2124,46,"OK"
1900,4,2125,149,"OK"
1901,22,2125,58,"OK"
1902,12,2125,142,"OK"
1903,11,2126,33,"OK"
1904,16,2127,50,"OK"
1905,22,2128,30,"OK"
1906,4,2128,133,"OK"
1907,5,2129,28,"OK"
1908,20,2129,89,"OK"
1909,12,2129,122,"OK"
1910,10,2130,17,"OK"
1911,19,2130,75,"OK"
1912,24,2130,90,"OK"
1913,15,2130,73,"OK"
1914,8,2130,73,"OK"
1915,2,2130,31,"OK"
1916,3,2131,113,"OK"
1917,4,2132,196,"OK"
1918,10,2133,42,"OK"
1919,4,2134,155,"OK"
1920,17,2135,29,"OK"
1921,5,2136,29,"OK"
1922,15,2136,82,"OK"
1923,7,2136,41,"OK"
1924,18,2136,27,"OK"
1925,23,2137,75,"OK"
1926,13,2138,12,"OK"
1927,3,2139,100,"OK"
1928,7,2140,111,"OK"
1929,18,2140,29,"OK"
1930,20,2141,119,"OK"
1931,6,2142,56,"OK"
1932,4,2142,294,"OK"
1933,4,2143,115,"OK"
1934,23,2143,82,"OK"
1935,9,2143,13,"OK"
1936,23,2144,74,"OK"
1937,4,2144,293,"OK"
1938,15,2145,74,"OK"
1939,15,2146,59,"OK"
1940,19,2147,37,"OK"
1941,3,2148,118,"OK"
1942,19,2148,45,"OK"
1943,7,2148,56,"OK"
1944,19,2149,64,"OK"
1945,24,2149,116,"OK"
1946,3,2150,166,"OK"
1947,24,2151,152,"OK"
1948,4,2151,278,"OK"
1949,14,2152,45,"OK"
1950,8,2152,72,"OK"
1951,9,2153,19,"OK"
1952,13,2154,13,"OK"
1953,14,2155,36,"OK"
1954,23,2156,44,"OK"
1955,16,2157,53,"OK"
1956,22,2158,63,"OK"
1957,1,2159,16,"OK"
1958,23,2160,41,"OK"
1959,18,2161,59,"OK"
1960,22,2161,46,"OK"
1961,4,2161,264,"OK"
1962,8,2161,56,"OK"
1963,24,2162,117,"OK"
1964,14,2163,32,"OK"
1965,6,2164,33,"OK"
1966,11,2165,88,"OK"
1967,2,2166,33,"OK"
1968,22,2166,74,"OK"
1969,10,2167,20,"OK"
1970,22,2167,69,"OK"
1971,20,2168,120,"OK"
1972,21,2169,20,"OK"
1973,12,2170,126,"OK"
1974,5,2171,22,"OK"
1975,22,2171,30,"OK"
1976,8,2171,136,"OK"
1977,16,2172,52,"OK"
1978,23,2172,57,"OK"
1979,17,2173,29,"OK"
1980,23,2173,57,"OK"
1981,4,2174,207,"OK"
1982,7,2174,45,"OK"
1983,24,2175,143,"OK"
1984,19,2176,69,"OK"
1985,13,2177,23,"OK"
1986,9,2177,13,"OK"
1987,1,2177,21,"OK"
1988,16,2178,100,"OK"
1989,19,2179,63,"OK"
1990,4,2179,262,"OK"
1991,12,2179,117,"OK"
1992,14,2180,41,"OK"
1993,23,2181,87,"OK"
1994,12,2181,88,"OK"
1995,20,2182,95,"OK"
1996,4,2183,131,"OK"
1997,13,2183,26,"OK"
1998,9,2184,20,"OK"
1999,4,2185,299,"OK"
2000,21,2185,19,"OK"
2001,3,2186,102,"OK"
2002,8,2187,70,"OK"
2003,1,2188,35,"OK"
2004,7,2189,111,"OK"
2005,18,2190,28,"OK"
2006,2,2191,79,"OK"
2007,17,2191,17,"OK"
2008,16,2192,93,"OK"
2009,24,2192,75,"OK"
2010,24,2193,120,"OK"
2011,2,2193,30,"OK"
2012,19,2194,56,"OK"
2013,5,2194,34,"OK"
2014,9,2194,12,"OK"
2015,1,2195,24,"OK"
2016,10,2195,52,"OK"
2017,2,2196,48,"OK"
2018,24,2197,90,"OK"
2019,12,2197,70,"OK"
2020,12,2198,62,"OK"
2021,2,2198,65,"OK"
2022,19,2199,67,"OK"
2023,5,2199,37,"OK"
2024,7,2199,84,"OK"
2025,11,2199,42,"OK"
2026,6,2200,50,"OK"
2027,5,2201,24,"OK"
2028,3,2202,176,"OK"
2029,13,2203,18,"OK"
2030,4,2204,246,"OK"
2031,2,2205,29,"OK"
2032,6,2206,71,"OK"
2033,16,2206,58,"OK"
2034,8,2207,115,"OK"
2035,4,2208,186,"OK"
2036,9,2208,19,"OK"
2037,17,2209,23,"OK"
2038,2,2209,59,"OK"
2039,12,2209,60,"OK"
2040,5,2209,38,"OK"
2041,15,2209,47,"OK"
2042,2,2210,38,"OK"
2043,11,2210,39,"OK"
2044,15,2210,44,"OK"
2045,21,2210,21,"OK"
2046,11,2211,33,"OK"
2047,4,2211,170,"OK"
2048,5,2211,16,"OK"
2049,16,2211,113,"OK"
2050,4,2212,216,"OK"
2051,15,2213,65,"OK"
2052,16,2214,74,"OK"
2053,24,2214,157,"OK"
2054,11,2215,42,"OK"
2055,9,2216,27,"OK"
2056,11,2217,95,"OK"
2057,11,2218,31,"OK"
2058,5,2219,34,"OK"
2059,12,2220,96,"OK"
2060,21,2221,12,"OK"
2061,10,2221,36,"OK"
2062,2,2221,58,"OK"
2063,4,2222,216,"OK"
2064,9,2222,14,"OK"
2065,17,2223,25,"OK"
2066,8,2224,66,"OK"
2067,21,2224,20,"OK"
2068,11,2225,45,"OK"
2069,15,2226,72,"OK"
2070,3,2226,85,"OK"
2071,16,2227,100,"OK"
2072,22,2228,32,"OK"
2073,3,2228,180,"OK"
2074,5,2229,36,"OK"
2075,7,2229,41,"OK"
2076,9,2229,11,"OK"
2077,7,2230,98,"OK"
2078,21,2230,38,"OK"
2079,24,2231,143,"OK"
2080,5,2231,14,"OK"
2081,12,2232,116,"OK"
2082,18,2233,49,"OK"
2083,17,2234,28,"OK"
2084,7,2235,49,"OK"
2085,13,2235,22,"OK"
2086,6,2236,34,"OK"
2087,2,2237,74,"OK"
2088,10,2237,57,"OK"
2089,5,2238,18,"OK"
2090,10,2239,26,"OK"
2091,2,2239,53,"OK"
2092,7,2239,84,"OK"
2093,21,2239,24,"OK"
2094,20,2239,42,"OK"
2095,13,2239,11,"OK"
2096,18,2240,43,"OK"
2097,11,2241,60,"OK"
2098,4,2241,292,"OK"
2099,8,2242,77,"OK"
2100,10,2243,21,"OK"
2101,24,2243,141,"OK"
2102,9,2244,20,"OK"
2103,3,2245,85,"OK"
2104,24,2245,60,"OK"
2105,17,2245,11,"OK"
2106,7,2245,51,"OK"
2107,11,2246,48,"OK"
2108,15,2246,69,"OK"
2109,17,2247,10,"OK"
2110,16,2247,101,"OK"
2111,9,2247,24,"OK"
2112,23,2248,83,"OK"
2113,22,2249,73,"OK"
2114,11,2250,52,"OK"
2115,14,2250,40,"OK"
2116,7,2250,68,"OK"
2117,7,2251,63,"OK"
2118,4,2252,263,"OK"
2119,2,2253,35,"OK"
2120,6,2253,39,"OK"
2121,13,2253,29,"OK"
2122,10,2253,41,"OK"
2123,24,2253,74,"OK"
2124,19,2253,64,"OK"
2125,7,2254,52,"OK"
2126,24,2255,104,"OK"
2127,23,2256,75,"OK"
2128,6,2256,31,"OK"
2129,18,2256,44,"OK"
2130,12,2256,127,"OK"
2131,16,2256,55,"OK"
2132,4,2256,299,"OK"
2133,8,2257,70,"OK"
2134,22,2257,74,"OK"
2135,24,2258,80,"OK"
2136,20,2258,88,"OK"
2137,3,2258,183,"OK"
2138,11,2258,55,"OK"
2139,14,2259,21,"OK"
2140,8,2259,136,"OK"
2141,13,2260,19,"OK"
2142,8,2261,70,"OK"
2143,6,2262,61,"OK"
2144,3,2263,154,"OK"
2145,6,2264,32,"OK"
2146,22,2265,64,"OK"
2147,5,2266,18,"OK"
2148,24,2266,135,"OK"
2149,9,2266,23,"OK"
2150,8,2267,135,"OK"
2151,10,2267,36,"OK"
2152,1,2267,35,"OK"
2153,5,2268,13,"OK"
2154,1,2268,21,"OK"
2155,5,2269,17,"OK"
2156,21,2270,33,"OK"
2157,6,2270,42,"OK"
2158,8,2271,93,"OK"
2159,18,2272,38,"OK"
2160,9,2273,15,"OK"
2161,12,2274,44,"OK"
2162,5,2275,17,"OK"
2163,22,2276,77,"OK"
2164,24,2277,89,"OK"
2165,2,2278,32,"OK"
2166,6,2278,30,"OK"
2167,24,2279,85,"OK"
2168,2,2279,39,"OK"
2169,20,2279,86,"OK"
2170,3,2280,134,"OK"
2171,8,2281,101,"OK"
2172,15,2281,48,"OK"
2173,23,2281,115,"OK"
2174,20,2281,72,"OK"
2175,2,2281,43,"OK"
2176,9,2281,28,"OK"
2177,18,2282,38,"OK"
2178,22,2283,37,"OK"
2179,11,2283,55,"OK"
2180,16,2284,38,"OK"
2181,13,2285,15,"OK"
2182,7,2286,81,"OK"
2183,20,2286,69,"OK"
2184,24,2286,83,"OK"
2185,2,2286,60,"OK"
2186,9,2287,26,"OK"
2187,13,2287,16,"OK"
2188,15,2287,27,"OK"
2189,17,2288,13,"OK"
2190,3,2288,85,"OK"
2191,19,2289,79,"OK"
2192,24,2290,95,"OK"
2193,17,2291,23,"OK"
2194,21,2292,38,"OK"
2195,14,2292,30,"OK"
2196,2,2293,40,"OK"
2197,24,2293,101,"OK"
2198,15,2294,63,"OK"
2199,2,2295,65,"OK"
2200,11,2295,53,"OK"
2201,4,2296,167,"OK"
2202,14,2296,38,"OK"
2203,24,2296,158,"OK"
2204,6,2296,49,"OK"
2205,2,2297,40,"OK"
2206,13,2297,11,"OK"
2207,7,2298,112,"OK"
2208,2,2299,78,"OK"
2209,15,2300,35,"OK"
2210,22,2301,68,"OK"
2211,18,2302,35,"OK"
2212,22,2303,64,"OK"
2213,8,2304,108,"OK"
2214,19,2305,43,"OK"
2215,2,2305,40,"OK"
2216,3,2306,75,"OK"
2217,21,2306,24,"OK"
2218,24,2307,57,"OK"
2219,8,2308,109,"OK"
2220,17,2309,29,"OK"
2221,5,2310,12,"OK"
2222,24,2311,147,"OK"
2223,3,2311,72,"OK"
2224,8,2312,119,"OK"
2225,23,2313,105,"OK"
2226,18,2314,46,"OK"
2227,2,2315,41,"OK"
2228,23,2316,45,"OK"
2229,13,2316,25,"OK"
2230,17,2317,11,"OK"
2231,3,2318,142,"OK"
2232,17,2318,11,"OK"
2233,18,2319,46,"OK"
2234,12,2320,139,"OK"
2235,2,2321,51,"OK"
2236,20,2322,51,"OK"
2237,21,2323,18,"OK"
2238,16,2324,101,"OK"
2239,20,2324,60,"OK"
2240,10,2325,25,"OK"
2241,13,2326,8,"OK"
2242,2,2327,52,"OK"
2243,13,2327,29,"OK"
2244,16,2328,47,"OK"
2245,9,2329,34,"OK"
2246,9,2330,26,"OK"
2247,11,2330,70,"OK"
2248,9,2331,36,"OK"
2249,24,2331,121,"OK"
2250,18,2331,49,"OK"
2251,15,2331,87,"OK"
2252,16,2332,64,"OK"
2253,7,2333,63,"OK"
2254,16,2334,32,"OK"
2255,9,2334,19,"OK"
2256,9,2334,31,"OK"
2257,2,2334,60,"OK"
2258,24,2335,66,"OK"
2259,18,2336,32,"OK"
2260,6,2336,35,"OK"
2261,24,2336,64,"OK"
2262,4,2336,241,"OK"
2263,15,2336,49,"OK"
2264,12,2337,109,"OK"
2265,16,2337,118,"OK"
2266,4,2338,265,"OK"
2267,22,2339,49,"OK"
2268,8,2339,143,"OK"
2269,23,2340,65,"OK"
2270,3,2341,129,"OK"
2271,8,2342,69,"OK"
2272,19,2343,32,"OK"
2273,21,2344,35,"OK"
2274,22,2345,78,"OK"
2275,9,2346,10,"OK"
2276,16,2347,58,"OK"
2277,1,2348,27,"OK"
2278,19,2348,90,"OK"
2279,24,2349,58,"OK"
2280,14,2350,33,"OK"
2281,5,2351,32,"OK"
2282,1,2352,23,"OK"
2283,20,2353,60,"OK"
2284,4,2354,170,"OK"
2285,14,2355,33,"OK"
2286,22,2356,56,"OK"
2287,18,2357,20,"OK"
2288,16,2358,94,"OK"
2289,16,2359,86,"OK"
2290,21,2360,34,"OK"
2291,4,2360,135,"OK"
2292,19,2361,77,"OK"
2293,24,2362,154,"OK"
2294,8,2362,76,"OK"
2295,18,2362,47,"OK"
2296,12,2363,111,"OK"
2297,19,2364,41,"OK"
2298,11,2365,53,"OK"
2299,4,2366,122,"OK"
2300,21,2367,28,"OK"
2301,6,2367,55,"OK"
2302,19,2368,88,"OK"
2303,17,2369,18,"OK"
2304,11,2369,40,"OK"
2305,4,2370,211,"OK"
2306,14,2370,57,"OK"
2307,7,2371,76,"OK"
2308,8,2372,123,"OK"
2309,4,2372,150,"OK"
2310,13,2372,9,"OK"
2311,21,2373,18,"OK"
2312,22,2374,26,"OK"
2313,12,2375,58,"OK"
2314,2,2376,47,"OK"
2315,16,2377,68,"OK"
2316,24,2377,56,"OK"
2317,4,2378,263,"OK"
2318,11,2378,73,"OK"
2319,12,2379,120,"OK"
2320,16,2379,90,"OK"
2321,16,2380,33,"OK"
2322,2,2380,80,"OK"
2323,22,2381,27,"OK"
2324,6,2381,68,"OK"
2325,2,2381,49,"OK"
2326,13,2381,15,"OK"
2327,19,2381,68,"OK"
2328,5,2382,16,"OK"
2329,1,2383,20,"OK"
2330,13,2384,10,"OK"
2331,9,2384,16,"OK"
2332,4,2385,299,"OK"
2333,20,2385,119,"OK"
2334,13,2385,21,"OK"
2335,19,2386,88,"OK"
2336,10,2386,26,"OK"
2337,5,2387,32,"OK"
2338,12,2387,72,"OK"
2339,8,2387,142,"OK"
2340,20,2387,48,"OK"
2341,7,2388,45,"OK"
2342,3,2389,109,"OK"
2343,4,2390,218,"OK"
2344,15,2391,83,"OK"
2345,19,2391,42,"OK"
2346,15,2392,42,"OK"
2347,11,2393,40,"OK"
2348,5,2393,31,"OK"
2349,9,2393,12,"OK"
2350,12,2394,43,"OK"
2351,4,2394,178,"OK"
2352,24,2395,148,"OK"
2353,3,2396,161,"OK"
2354,19,2397,35,"OK"
2355,24,2398,74,"OK"
2356,19,2399,72,"OK"
2357,5,2400,15,"OK"
2358,3,2400,128,"OK"
2359,9,2400,19,"OK"
2360,14,2400,41,"OK"
2361,22,2400,39,"OK"
2362,18,2400,23,"OK"
2363,6,2401,51,"OK"
2364,13,2402,26,"OK"
2365,22,2402,61,"OK"
2366,14,2403,44,"OK"
2367,17,2404,28,"OK"
2368,10,2405,37,"OK"
2369,4,2406,152,"OK"
2370,5,2407,26,"OK"
2371,7,2408,58,"OK"
2372,3,2408,115,"OK"
2373,10,2408,35,"OK"
2374,21,2408,25,"OK"
2375,1,2409,15,"OK"
2376,19,2409,76,"OK"
2377,22,2409,41,"OK"
2378,7,2409,84,"OK"
2379,24,2410,95,"OK"
2380,8,2411,123,"OK"
2381,21,2412,26,"OK"
2382,3,2412,118,"OK"
2383,8,2412,122,"OK"
2384,11,2413,29,"OK"
2385,23,2414,46,"OK"
2386,24,2415,137,"OK"
2387,11,2415,76,"OK"
2388,23,2416,113,"OK"
2389,8,2417,124,"OK"
2390,3,2417,128,"OK"
2391,14,2418,47,"OK"
2392,1,2418,32,"OK"
2393,10,2418,24,"OK"
2394,20,2418,115,"OK"
2395,22,2419,36,"OK"
2396,16,2419,94,"OK"
2397,8,2419,107,"OK"
2398,13,2420,19,"OK"
2399,5,2421,27,"OK"
2400,14,2422,54,"OK"
2401,13,2423,16,"OK"
2402,16,2424,72,"OK"
2403,5,2424,34,"OK"
2404,12,2425,67,"OK"
2405,24,2426,53,"OK"
2406,8,2427,99,"OK"
2407,10,2428,40,"OK"
2408,11,2429,82,"OK"
2409,23,2429,103,"OK"
2410,6,2429,54,"OK"
2411,10,2430,60,"OK"
2412,12,2431,82,"OK"
2413,5,2432,23,"OK"
2414,24,2433,144,"OK"
2415,14,2434,23,"OK"
2416,14,2435,20,"OK"
2417,24,2436,140,"OK"
2418,17,2436,22,"OK"
2419,12,2436,80,"OK"
2420,8,2436,115,"OK"
2421,20,2436,115,"OK"
2422,6,2437,46,"OK"
2423,4,2438,235,"OK"
2424,2,2439,53,"OK"
2425,2,2440,49,"OK"
2426,18,2441,38,"OK"
2427,12,2442,68,"OK"
2428,11,2443,74,"OK"
2429,18,2443,48,"OK"
2430,16,2444,71,"OK"
2431,12,2444,106,"OK"
2432,17,2444,16,"OK"
2433,19,2445,67,"OK"
2434,11,2445,51,"OK"
2435,17,2445,29,"OK"
2436,5,2446,17,"OK"
2437,22,2446,80,"OK"
2438,16,2446,96,"OK"
2439,14,2447,56,"OK"
2440,7,2448,104,"OK"
2441,23,2449,61,"OK"
2442,23,2450,49,"OK"
2443,16,2451,42,"OK"
2444,8,2452,100,"OK"
2445,24,2452,158,"OK"
2446,23,2453,79,"OK"
2447,12,2454,110,"OK"
2448,13,2454,29,"OK"
2449,21,2454,17,"OK"
2450,4,2454,174,"OK"
2451,8,2455,79,"OK"
2452,22,2455,34,"OK"
2453,12,2456,52,"OK"
2454,12,2457,111,"OK"
2455,6,2457,73,"OK"
2456,22,2458,52,"OK"
2457,4,2459,209,"OK"
2458,24,2460,147,"OK"
2459,23,2461,64,"OK"
2460,9,2461,19,"OK"
2461,18,2461,30,"OK"
2462,4,2461,124,"OK"
2463,15,2462,57,"OK"
2464,19,2462,71,"OK"
2465,8,2463,81,"OK"
2466,23,2464,94,"OK"
2467,7,2464,84,"OK"
2468,17,2465,18,"OK"
2469,19,2465,68,"OK"
2470,19,2466,59,"OK"
2471,12,2467,123,"OK"
2472,1,2468,22,"OK"
2473,16,2468,117,"OK"
2474,5,2469,18,"OK"
2475,20,2469,116,"OK"
2476,16,2469,99,"OK"
2477,10,2469,41,"OK"
2478,11,2470,85,"OK"
2479,8,2470,132,"OK"
2480,19,2471,48,"OK"
2481,12,2472,71,"OK"
2482,23,2472,40,"OK"
2483,18,2472,54,"OK"
2484,6,2472,67,"OK"
2485,15,2473,65,"OK"
2486,10,2474,19,"OK"
2487,14,2475,16,"OK"
2488,5,2476,15,"OK"
2489,15,2477,85,"OK"
2490,14,2478,50,"OK"
2491,3,2479,150,"OK"
2492,16,2480,75,"OK"
2493,15,2481,41,"OK"
2494,17,2481,18,"OK"
2495,13,2482,16,"OK"
2496,22,2482,69,"OK"
2497,17,2483,14,"OK"
2498,6,2483,70,"OK"
2499,24,2483,52,"OK"
2500,20,2484,82,"OK"
2501,7,2484,74,"OK"
2502,6,2485,27,"OK"
2503,21,2486,29,"OK"
2504,3,2487,139,"OK"
2505,18,2487,35,"OK"
2506,18,2488,23,"OK"
2507,21,2489,14,"OK"
2508,3,2489,108,"OK"
2509,19,2490,49,"OK"
2510,23,2491,64,"OK"
2511,7,2491,65,"OK"
2512,18,2492,36,"OK"
2513,18,2493,54,"OK"
2514,21,2494,24,"OK"
2515,9,2494,21,"OK"
2516,9,2494,24,"OK"
2517,19,2495,74,"OK"
2518,19,2496,43,"OK"
2519,16,2496,105,"OK"
2520,19,2497,30,"OK"
2521,12,2498,57,"OK"
2522,18,2499,51,"OK"
2523,24,2499,61,"OK"
2524,14,2499,28,"OK"
2525,2,2499,44,"OK"
2526,6,2500,40,"OK"
2527,21,2501,32,"OK"
2528,12,2502,99,"OK"
2529,8,2502,87,"OK"
2530,5,2503,13,"OK"
2531,10,2503,18,"OK"
2532,2,2504,72,"OK"
2533,5,2505,16,"OK"
2534,14,2505,32,"OK"
2535,2,2505,47,"OK"
2536,22,2506,40,"OK"
2537,16,2507,96,"OK"
2538,10,2508,40,"OK"
2539,7,2509,80,"OK"
2540,2,2509,74,"OK"
2541,17,2510,23,"OK"
2542,12,2510,127,"OK"
2543,4,2510,256,"OK"
2544,2,2511,70,"OK"
2545,21,2511,16,"OK"
2546,22,2512,64,"OK"
2547,7,2512,95,"OK"
2548,17,2512,18,"OK"
2549,13,2513,12,"OK"
2550,22,2513,77,"OK"
2551,10,2514,28,"OK"
2552,16,2514,82,"OK"
2553,3,2514,137,"OK"
2554,21,2514,35,"OK"
2555,7,2515,83,"OK"
2556,9,2516,32,"OK"
2557,5,2516,13,"OK"
2558,3,2517,82,"OK"
2559,5,2518,18,"OK"
2560,23,2519,62,"OK"
2561,9,2520,18,"OK"
2562,24,2521,141,"OK"
2563,19,2522,47,"OK"
2564,23,2523,119,"OK"
2565,2,2524,53,"OK"
2566,21,2524,33,"OK"
2567,13,2524,14,"OK"
2568,9,2525,36,"OK"
2569,20,2526,53,"OK"
2570,3,2526,200,"OK"
2571,4,2527,152,"OK"
2572,13,2527,8,"OK"
2573,16,2528,45,"OK"
2574,13,2529,30,"OK"
2575,18,2530,44,"OK"
2576,20,2531,52,"OK"
2577,23,2531,39,"OK"
2578,21,2532,32,"OK"
2579,21,2533,28,"OK"
2580,10,2534,37,"OK"
2581,23,2534,91,"OK"
2582,7,2534,97,"OK"
2583,6,2535,37,"OK"
2584,22,2536,41,"OK"
2585,3,2536,85,"OK"
2586,18,2537,32,"OK"
2587,17,2538,28,"OK"
2588,15,2539,53,"OK"
2589,2,2539,64,"OK"
2590,2,2540,50,"OK"
2591,19,2540,38,"OK"
2592,24,2540,61,"OK"
2593,6,2541,46,"OK"
2594,14,2542,59,"OK"
2595,5,2542,38,"OK"
2596,24,2543,51,"OK"
2597,20,2544,85,"OK"
2598,24,2544,121,"OK"
2599,1,2545,27,"OK"
2600,7,2546,78,"OK"
2601,21,2547,31,"OK"
2602,3,2547,95,"OK"
2603,9,2548,15,"OK"
2604,20,2548,68,"OK"
2605,14,2549,27,"OK"
2606,24,2550,132,"OK"
2607,18,2550,25,"OK"
2608,14,2551,46,"OK"
2609,9,2551,28,"OK"
2610,20,2551,72,"OK"
2611,18,2552,43,"OK"
2612,15,2552,60,"OK"
2613,7,2553,108,"OK"
2614,3,2554,150,"OK"
2615,14,2555,35,"OK"
2616,3,2556,91,"OK"
2617,10,2557,53,"OK"
2618,12,2558,84,"OK"
2619,9,2558,29,"OK"
2620,16,2558,118,"OK"
2621,2,2558,71,"OK"
2622,20,2559,74,"OK"
2623,8,2559,127,"OK"
2624,22,2559,50,"OK"
2625,3,2560,183,"OK"
2626,10,2561,30,"OK"
2627,21,2562,19,"OK"
2628,15,2562,43,"OK"
2629,11,2562,91,"OK"
2630,23,2563,77,"OK"
2631,7,2564,65,"OK"
2632,14,2564,56,"OK"
2633,19,2565,62,"OK"
2634,20,2566,83,"OK"
2635,4,2566,145,"OK"
2636,7,2566,97,"OK"
2637,11,2566,45,"OK"
2638,11,2567,70,"OK"
2639,7,2567,101,"OK"
2640,6,2568,70,"OK"
2641,23,2569,47,"OK"
2642,18,2570,49,"OK"
2643,3,2570,156,"OK"
2644,4,2571,167,"OK"
2645,10,2572,56,"OK"
2646,18,2572,45,"OK"
2647,13,2573,15,"OK"
2648,24,2574,91,"OK"
2649,3,2575,98,"OK"
2650,24,2576,112,"OK"
2651,1,2577,33,"OK"
2652,24,2578,119,"OK"
2653,20,2578,79,"OK"
2654,15,2579,69,"OK"
2655,14,2580,54,"OK"
2656,15,2581,62,"OK"
2657,18,2582,48,"OK"
2658,2,2583,48,"OK"
2659,16,2583,74,"OK"
2660,8,2583,100,"OK"
2661,18,2584,21,"OK"
2662,6,2584,46,"OK"
2663,2,2584,71,"OK"
2664,23,2584,82,"OK"
2665,9,2584,30,"OK"
2666,3,2585,148,"OK"
2667,7,2585,91,"OK"
2668,21,2586,32,"OK"
2669,23,2587,39,"OK"
2670,24,2588,76,"OK"
2671,13,2588,23,"OK"
2672,23,2589,77,"OK"
2673,19,2590,61,"OK"
2674,4,2591,220,"OK"
2675,15,2591,49,"OK"
2676,9,2592,21,"OK"
2677,3,2593,170,"OK"
2678,16,2594,72,"OK"
2679,8,2595,103,"OK"
2680,19,2596,59,"OK"
2681,21,2596,35,"OK"
2682,14,2597,58,"OK"
2683,6,2598,41,"OK"
2684,9,2599,27,"OK"
2685,12,2600,91,"OK"
2686,7,2600,105,"OK"
2687,2,2600,64,"OK"
2688,11,2601,65,"OK"
2689,20,2602,60,"OK"
2690,8,2602,94,"OK"
2691,11,2603,42,"OK"
2692,5,2603,13,"OK"
2693,21,2604,27,"OK"
2694,9,2604,20,"OK"
2695,15,2605,71,"OK"
2696,24,2606,86,"OK"
2697,9,2606,12,"OK"
2698,2,2607,49,"OK"
2699,21,2607,34,"OK"
2700,10,2608,45,"OK"
2701,4,2609,269,"OK"
2702,19,2609,79,"OK"
2703,12,2610,124,"OK"
2704,7,2611,74,"OK"
2705,10,2611,48,"OK"
2706,6,2612,33,"OK"
2707,9,2613,35,"OK"
2708,24,2613,50,"OK"
2709,4,2614,137,"OK"
2710,12,2614,45,"OK"
2711,17,2615,30,"OK"
2712,8,2615,66,"OK"
2713,3,2615,88,"OK"
2714,10,2615,42,"OK"
2715,17,2615,19,"OK"
2716,13,2616,23,"OK"
2717,5,2616,31,"OK"
2718,14,2617,46,"OK"
2719,9,2617,32,"OK"
2720,14,2618,32,"OK"
2721,22,2619,47,"OK"
2722,10,2619,23,"OK"
2723,4,2619,205,"OK"
2724,8,2619,86,"OK"
2725,5,2620,32,"OK"
2726,8,2620,90,"OK"
2727,23,2621,105,"OK"
2728,15,2621,61,"OK"
2729,2,2621,76,"OK"
2730,17,2621,30,"OK"
2731,22,2622,58,"OK"
2732,2,2623,65,"OK"
2733,3,2624,92,"OK"
2734,20,2625,91,"OK"
2735,11,2626,46,"OK"
2736,13,2626,14,"OK"
2737,21,2626,40,"OK"
2738,7,2627,55,"OK"
2739,12,2627,141,"OK"
2740,9,2628,29,"OK"
2741,24,2628,100,"OK"
2742,8,2629,84,"OK"
2743,13,2630,16,"OK"
2744,3,2630,156,"OK"
2745,16,2630,60,"OK"
2746,10,2631,45,"OK"
2747,16,2632,39,"OK"
2748,23,2632,89,"OK"
2749,4,2632,113,"OK"
2750,5,2633,15,"OK"
2751,6,2633,46,"OK"
2752,8,2634,99,"OK"
2753,13,2635,8,"OK"
2754,6,2636,48,"OK"
2755,6,2637,60,"OK"
2756,15,2638,52,"OK"
2757,24,2639,157,"OK"
2758,8,2640,97,"OK"
2759,17,2641,14,"OK"
2760,18,2642,47,"OK"
2761,2,2642,59,"OK"
2762,19,2643,50,"OK"
2763,3,2643,158,"OK"
2764,4,2644,261,"OK"
2765,7,2645,67,"OK"
2766,24,2645,138,"OK"
2767,21,2646,30,"OK"
2768,9,2646,32,"OK"
2769,13,2647,8,"OK"
2770,6,2647,54,"OK"
2771,19,2647,47,"OK"
2772,24,2648,126,"OK"
2773,19,2649,59,"OK"
2774,5,2650,27,"OK"
2775,7,2651,50,"OK"
2776,3,2651,189,"OK"
2777,2,2652,49,"OK"
2778,20,2653,73,"OK"
2779,23,2654,83,"OK"
2780,9,2654,35,"OK"
2781,2,2655,37,"OK"
2782,21,2655,31,"OK"
2783,9,2656,19,"OK"
2784,11,2657,64,"OK"
2785,10,2658,29,"OK"
2786,7,2659,108,"OK"
2787,22,2659,27,"OK"
2788,15,2660,83,"OK"
2789,17,2660,17,"OK"
2790,13,2660,15,"OK"
2791,7,2661,76,"OK"
2792,3,2662,171,"OK"
2793,21,2663,23,"OK"
2794,16,2664,74,"OK"
2795,10,2664,32,"OK"
2796,18,2664,48,"OK"
2797,1,2665,19,"OK"
2798,21,2665,30,"OK"
2799,10,2666,41,"OK"
2800,9,2667,25,"OK"
2801,5,2668,28,"OK"
2802,22,2669,27,"OK"
2803,3,2670,144,"OK"
2804,18,2670,52,"OK"
2805,23,2671,68,"OK"
2806,11,2672,35,"OK"
2807,3,2673,193,"OK"
2808,9,2674,31,"OK"
2809,22,2674,79,"OK"
2810,18,2674,25,"OK"
2811,14,2674,59,"OK"
2812,22,2675,41,"OK"
2813,14,2675,37,"OK"
2814,9,2676,11,"OK"
2815,15,2677,49,"OK"
2816,20,2678,113,"OK"
2817,8,2679,53,"OK"
2818,9,2680,12,"OK"
2819,11,2681,50,"OK"
2820,3,2682,147,"OK"
2821,2,2683,60,"OK"
2822,23,2683,53,"OK"
2823,9,2684,29,"OK"
2824,19,2685,49,"OK"
2825,2,2685,71,"OK"
2826,19,2686,46,"OK"
2827,9,2686,30,"OK"
2828,9,2686,32,"OK"
2829,15,2687,38,"OK"
2830,5,2687,26,"OK"
2831,15,2688,43,"OK"
2832,10,2688,17,"OK"
2833,11,2689,75,"OK"
2834,24,2689,49,"OK"
2835,2,2689,29,"OK"
2836,8,2689,100,"OK"
2837,4,2690,109,"OK"
2838,24,2691,88,"OK"
2839,10,2691,45,"OK"
2840,3,2692,85,"OK"
2841,10,2693,47,"OK"
2842,3,2693,165,"OK"
2843,24,2694,146,"OK"
2844,18,2694,58,"OK"
2845,13,2694,12,"OK"
2846,24,2695,138,"OK"
2847,12,2696,104,"OK"
2848,24,2697,150,"OK"
2849,23,2698,115,"OK"
2850,9,2699,17,"OK"
2851,19,2699,66,"OK"
2852,2,2700,38,"OK"
2853,10,2700,35,"OK"
2854,12,2701,111,"OK"
2855,3,2701,100,"OK"
2856,14,2702,33,"OK"
2857,12,2702,109,"OK"
2858,19,2702,30,"OK"
2859,6,2702,30,"OK"
2860,24,2702,157,"OK"
2861,1,2702,35,"OK"
2862,24,2703,105,"OK"
2863,16,2703,100,"OK"
2864,16,2704,50,"OK"
2865,18,2704,50,"OK"
2866,11,2704,76,"OK"
2867,20,2705,113,"OK"
2868,4,2705,180,"OK"
2869,12,2706,103,"OK"
2870,5,2707,17,"OK"
2871,2,2708,58,"OK"
2872,16,2709,91,"OK"
2873,17,2710,29,"OK"
2874,5,2710,16,"OK"
2875,10,2711,19,"OK"
2876,6,2712,34,"OK"
2877,6,2713,24,"OK"
2878,21,2714,30,"OK"
2879,20,2715,52,"OK"
2880,19,2716,71,"OK"
2881,20,2717,120,"OK"
2882,5,2718,18,"OK"
2883,22,2719,79,"OK"
2884,9,2720,29,"OK"
2885,13,2720,30,"OK"
2886,18,2720,47,"OK"
2887,3,2720,88,"OK"
2888,23,2720,74,"OK"
2889,14,2720,59,"OK"
2890,19,2721,88,"OK"
2891,8,2722,67,"OK"
2892,17,2723,25,"OK"
2893,19,2724,70,"OK"
2894,7,2724,54,"OK"
2895,18,2725,20,"OK"
2896,22,2726,60,"OK"
2897,19,2726,76,"OK"
2898,1,2726,35,"OK"
2899,24,2727,117,"OK"
2900,24,2728,64,"OK"
2901,9,2728,36,"OK"
2902,16,2728,42,"OK"
2903,24,2729,119,"OK"
2904,3,2730,113,"OK"
2905,8,2731,68,"OK"
2906,10,2732,51,"OK"
2907,6,2732,25,"OK"
2908,5,2732,12,"OK"
2909,20,2733,114,"OK"
2910,8,2733,75,"OK"
2911,13,2734,14,"OK"
2912,24,2734,60,"OK"
2913,7,2734,53,"OK"
2914,13,2734,18,"OK"
2915,3,2735,182,"OK"
2916,2,2736,36,"OK"
2917,21,2737,33,"OK"
2918,13,2738,15,"OK"
2919,20,2739,108,"OK"
2920,15,2739,29,"OK"
2921,9,2740,24,"OK"
2922,13,2740,28,"OK"
2923,16,2741,50,"OK"
2924,14,2742,19,"OK"
2925,22,2742,24,"OK"
2926,19,2742,44,"OK"
2927,10,2743,49,"OK"
2928,23,2744,118,"OK"
2929,21,2745,23,"OK"
2930,16,2746,113,"OK"
2931,8,2747,82,"OK"
2932,18,2747,60,"OK"
2933,12,2747,83,"OK"
2934,23,2747,84,"OK"
2935,4,2747,217,"OK"
2936,16,2747,39,"OK"
2937,6,2748,62,"OK"
2938,24,2748,74,"OK"
2939,22,2749,24,"OK"
2940,16,2750,85,"OK"
2941,15,2751,64,"OK"
2942,24,2751,105,"OK"
2943,19,2752,80,"OK"
2944,2,2752,31,"OK"
2945,3,2753,123,"OK"
2946,22,2753,46,"OK"
2947,20,2754,52,"OK"
2948,10,2754,35,"OK"
2949,4,2755,259,"OK"
2950,18,2755,60,"OK"
2951,8,2756,132,"OK"
2952,11,2756,27,"OK"
2953,3,2756,87,"OK"
2954,12,2757,49,"OK"
2955,2,2758,60,"OK"
2956,18,2759,42,"OK"
2957,4,2760,117,"OK"
2958,13,2760,23,"OK"
2959,24,2760,114,"OK"
2960,9,2760,32,"OK"
2961,11,2761,65,"OK"
2962,12,2762,51,"OK"
2963,14,2763,39,"OK"
2964,11,2763,91,"OK"
2965,21,2764,32,"OK"
2966,16,2765,52,"OK"
2967,21,2766,40,"OK"
2968,24,2767,69,"OK"
2969,16,2767,84,"OK"
2970,24,2768,145,"OK"
2971,11,2769,73,"OK"
2972,18,2769,32,"OK"
2973,24,2770,48,"OK"
2974,8,2771,79,"OK"
2975,24,2772,73,"OK"
2976,6,2772,40,"OK"
2977,16,2772,76,"OK"
2978,12,2773,82,"OK"
2979,6,2773,56,"OK"
2980,20,2774,74,"OK"
2981,22,2774,75,"OK"
2982,14,2774,29,"OK"
2983,8,2774,88,"OK"
2984,9,2775,15,"OK"
2985,14,2776,50,"OK"
2986,12,2776,121,"OK"
2987,9,2776,14,"OK"
2988,24,2776,94,"OK"
2989,4,2777,175,"OK"
2990,21,2777,15,"OK"
2991,21,2777,27,"OK"
2992,12,2778,85,"OK"
2993,6,2779,60,"OK"
2994,5,2779,25,"OK"
2995,11,2780,58,"OK"
2996,7,2781,63,"OK"
2997,14,2781,44,"OK"
2998,22,2782,58,"OK"
2999,24,2783,136,"OK"
3000,9,2783,28,"OK"
3001,22,2784,47,"OK"
3002,24,2785,138,"OK"
3003,3,2786,88,"OK"
3004,21,2787,31,"OK"
3005,24,2787,79,"OK"
3006,3,2788,146,"OK"
3007,12,2788,74,"OK"
3008,21,2789,20,"OK"
3009,2,2789,36,"OK"
3010,7,2789,99,"OK"
3011,10,2789,21,"OK"
3012,24,2789,131,"OK"
3013,14,2789,33,"OK"
3014,12,2790,142,"OK"
3015,5,2791,29,"OK"
3016,20,2791,75,"OK"
3017,19,2792,79,"OK"
3018,6,2793,28,"OK"
3019,23,2794,96,"OK"
3020,5,2795,35,"OK"
3021,18,2795,21,"OK"
3022,24,2795,74,"OK"
3023,12,2796,101,"OK"
3024,22,2796,65,"OK"
3025,15,2797,42,"OK"
3026,5,2798,38,"OK"
3027,11,2799,49,"OK"
3028,18,2800,39,"OK"
3029,5,2801,18,"OK"
3030,13,2802,9,"OK"
3031,14,2803,22,"OK"
3032,24,2804,62,"OK"
3033,8,2805,86,"OK"
3034,18,2805,55,"OK"
3035,3,2805,199,"OK"
3036,13,2806,15,"OK"
3037,16,2806,32,"OK"
3038,7,2806,107,"OK"
3039,2,2807,39,"OK"
3040,6,2808,59,"OK"
3041,13,2808,23,"OK"
3042,24,2808,92,"OK"
3043,15,2809,62,"OK"
3044,15,2810,37,"OK"
3045,23,2811,66,"OK"
3046,24,2812,101,"OK"
3047,18,2812,60,"OK"
3048,7,2812,63,"OK"
3049,16,2813,89,"OK"
3050,12,2814,48,"OK"
3051,11,2815,79,"OK"
3052,22,2815,25,"OK"
3053,16,2815,36,"OK"
3054,13,2816,24,"OK"
3055,7,2817,64,"OK"
3056,1,2817,18,"OK"
3057,6,2818,31,"OK"
3058,6,2819,66,"OK"
3059,13,2819,28,"OK"
3060,6,2820,39,"OK"
3061,21,2820,28,"OK"
3062,5,2821,31,"OK"
3063,24,2821,48,"OK"
3064,23,2822,54,"OK"
3065,20,2823,101,"OK"
3066,21,2824,26,"OK"
3067,16,2825,95,"OK"
3068,14,2826,50,"OK"
3069,8,2827,100,"OK"
3070,21,2827,34,"OK"
3071,23,2827,61,"OK"
3072,6,2828,49,"OK"
3073,9,2829,30,"OK"
3074,17,2829,30,"OK"
3075,11,2830,48,"OK"
3076,6,2831,48,"OK"
3077,9,2832,24,"OK"
3078,17,2833,13,"OK"
3079,23,2834,74,"OK"
3080,13,2835,21,"OK"
3081,2,2835,68,"OK"
3082,2,2836,36,"OK"
3083,9,2837,32,"OK"
3084,21,2838,17,"OK"
3085,6,2839,58,"OK"
3086,14,2840,45,"OK"
3087,24,2840,51,"OK"
3088,14,2841,33,"OK"
3089,12,2841,118,"OK"
3090,19,2842,60,"OK"
3091,9,2842,14,"OK"
3092,6,2843,28,"OK"
3093,3,2844,198,"OK"
3094,15,2845,61,"OK"
3095,5,2846,21,"OK"
3096,11,2847,57,"OK"
3097,24,2847,83,"OK"
3098,22,2848,53,"OK"
3099,18,2849,35,"OK"
3100,9,2849,32,"OK"
3101,4,2850,270,"OK"
3102,12,2850,121,"OK"
3103,9,2851,21,"OK"
3104,4,2852,122,"OK"
3105,12,2852,47,"OK"
3106,14,2853,26,"OK"
3107,24,2853,121,"OK"
3108,19,2854,30,"OK"
3109,9,2855,11,"OK"
3110,19,2855,40,"OK"
3111,4,2856,233,"OK"
3112,19,2857,68,"OK"
3113,1,2858,15,"OK"
3114,10,2859,55,"OK"
3115,9,2859,11,"OK"
3116,20,2860,81,"OK"
3117,2,2861,60,"OK"
3118,5,2861,38,"OK"
3119,17,2862,29,"OK"
3120,21,2863,21,"OK"
3121,20,2864,78,"OK"
3122,21,2864,39,"OK"
3123,12,2864,79,"OK"
